combination,symbols,kr_count,us_count,annual_return,annual_volatility,sharpe_zero_rate,max_drawdown,average_pair_correlation
226980|IVV|ITOT|IWD,"226980,IVV,ITOT,IWD",1,3,0.1489058533773955,0.13500650497565492,1.1029531755099282,-0.13952698678487252,0.5770019722539791
275290|IVV|ITOT|IWD,"275290,IVV,ITOT,IWD",1,3,0.1790508079718734,0.1360415593963442,1.316147865155131,-0.14397097433976103,0.5557362026247685
226490|IVV|ITOT|IWD,"226490,IVV,ITOT,IWD",1,3,0.16810864448496554,0.13622249550362786,1.2340740335394054,-0.14654717663892913,0.58292181675685
226980|275290|IVV|IWD,"226980,275290,IVV,IWD",2,2,0.17058202107250128,0.13748037792812293,1.2407735826976303,-0.16141074646477327,0.3739769055381172
226490|226980|IVV|IWD,"226490,226980,IVV,IWD",2,2,0.15963985758559343,0.1376546097554182,1.1597131245313044,-0.15705368298303357,0.40320153338169035
292190|IVV|ITOT|IWD,"292190,IVV,ITOT,IWD",1,3,0.17490408583303613,0.13803263901587443,1.2671212191554297,-0.15181286085465917,0.5764525824763796
226980|275290|ITOT|IWD,"226980,275290,ITOT,IWD",2,2,0.1683171132650444,0.13822140226734028,1.2177355351922607,-0.1632270043588332,0.3791121872578144
226490|226980|ITOT|IWD,"226490,226980,ITOT,IWD",2,2,0.15737494977813654,0.13841276783154224,1.136997346730849,-0.15888872775908502,0.4085196778264952
292190|226980|IVV|IWD,"292190,226980,IVV,IWD",2,2,0.166435298933664,0.13861365451682708,1.2007135914121612,-0.16265196258954584,0.3864562871693067
069500|IVV|ITOT|IWD,"069500,IVV,ITOT,IWD",1,3,0.1783530654462135,0.13907730577649113,1.28240236212831,-0.14908078931725322,0.5743084533914304
292190|226980|ITOT|IWD,"292190,226980,ITOT,IWD",2,2,0.16417039112620707,0.139385270417639,1.1778173592826888,-0.1651445865884259,0.391854380402252
069500|226980|IVV|IWD,"069500,226980,IVV,IWD",2,2,0.16988427854684138,0.1395216919384676,1.2176191113118409,-0.1603167809005368,0.38166038346385056
069500|226980|ITOT|IWD,"069500,226980,ITOT,IWD",2,2,0.1676193707393845,0.14028229245141194,1.1948719101339251,-0.16221062945390963,0.38694823046933724
226980|IVV|IWD|IWF,"226980,IVV,IWD,IWF",1,3,0.15031910697297068,0.14049081514768455,1.0699568282449965,-0.1587701246377452,0.5367664673626866
226980|IVV|IJS|IWD,"226980,IVV,IJS,IWD",1,3,0.14274920076640746,0.14059361515545743,1.0153320306086913,-0.12860680238479205,0.5217446598500307
226490|IVV|IJS|IWD,"226490,IVV,IJS,IWD",1,3,0.1619519918739775,0.1407351344611749,1.150757360584011,-0.1328936313744502,0.518257478846196
275290|IVV|IJS|IWD,"275290,IVV,IJS,IWD",1,3,0.17289415536088532,0.14090449088146464,1.2270308368406218,-0.1321636230946166,0.49630446141183415
226980|ITOT|IWD|IWF,"226980,ITOT,IWD,IWF",1,3,0.14805419916551377,0.1411159995660757,1.049166640358093,-0.16186627686405064,0.5395350574332601
275290|IVV|IWD|IWF,"275290,IVV,IWD,IWF",1,3,0.18046406156744854,0.14146376293862226,1.2756910873758363,-0.1621061981598052,0.516148436040924
229200|IVV|ITOT|IWD,"229200,IVV,ITOT,IWD",1,3,0.1241915548189454,0.1415805573874348,0.8771794454735444,-0.1660576221675497,0.5622206554569759
226980|ITOT|IJS|IWD,"226980,ITOT,IJS,IWD",1,3,0.14048429295895054,0.14190222679554587,0.9900076702909087,-0.13548998306450655,0.5330734824960909
226490|IVV|IWD|IWF,"226490,IVV,IWD,IWF",1,3,0.16952189808054072,0.14199513996849444,1.1938570441083678,-0.16605028285001744,0.544862437340936
226490|ITOT|IJS|IWD,"226490,ITOT,IJS,IWD",1,3,0.15968708406652057,0.14204575257138174,1.1241947131525358,-0.1353553687425365,0.5295454563051317
275290|ITOT|IWD|IWF,"275290,ITOT,IWD,IWF",1,3,0.17819915375999165,0.14207037636240893,1.254301975701264,-0.16512717569813162,0.5186933181992653
275290|ITOT|IJS|IWD,"275290,ITOT,IJS,IWD",1,3,0.17062924755342843,0.14219596449951885,1.1999584387221185,-0.1346221626185966,0.5074095761456622
226980|IVV|IWM|IWD,"226980,IVV,IWM,IWD",1,3,0.1398083122602183,0.142275833935832,0.9826567758743443,-0.1583698724570476,0.5430792661888544
226980|275290|IWD|IWF,"226980,275290,IWD,IWF",2,2,0.16973036686061954,0.14233981551987446,1.1924307070421953,-0.17558353144829952,0.34505751662233153
292190|IVV|IJS|IWD,"292190,IVV,IJS,IWD",1,3,0.16874743322204805,0.14233990879915856,1.1855243876835027,-0.13631106986159347,0.5112212490155046
229200|275290|IVV|IWD,"229200,275290,IVV,IWD",2,2,0.14586772251405117,0.142477849715056,1.0237922793316618,-0.1886972138827382,0.3388397425074532
226490|ITOT|IWD|IWF,"226490,ITOT,IWD,IWF",1,3,0.1672569902730838,0.14261702693597178,1.172770137384607,-0.16906459812605779,0.5475901822243848
226490|226980|IWD|IWF,"226490,226980,IWD,IWF",2,2,0.1587882033737117,0.14288079817785584,1.1113334009798472,-0.1744806396647577,0.3759933943589428
226980|275290|IVV|ITOT,"226980,275290,IVV,ITOT",2,2,0.17112649442749983,0.14290751855066716,1.1974631997184093,-0.17542354919071146,0.4111217433452144
275290|IVV|IWM|IWD,"275290,IVV,IWM,IWD",1,3,0.1699532668546962,0.1429794388265964,1.1886552937224304,-0.14759262455922173,0.5201197926572158
229200|275290|ITOT|IWD,"229200,275290,ITOT,IWD",2,2,0.14360281470659425,0.14307403260105597,1.0036958635744386,-0.19110143631802623,0.34255579214826787
226490|IVV|IWM|IWD,"226490,IVV,IWM,IWD",1,3,0.15901110336778834,0.14322364448518177,1.1102294173518255,-0.15732054703688758,0.5463027203835377
069500|IVV|IJS|IWD,"069500,IVV,IJS,IWD",1,3,0.1721964128352254,0.1433504710148226,1.2012266971722758,-0.13491035168401988,0.5094530032801347
226490|226980|IVV|ITOT,"226490,226980,IVV,ITOT",2,2,0.16018433094059198,0.14345148762128804,1.1166446134283294,-0.17431151969384062,0.4446588851745476
226980|ITOT|IWM|IWD,"226980,ITOT,IWM,IWD",1,3,0.13754340445276142,0.14361552981490874,0.9577195769150241,-0.16504821958723004,0.554860604393392
292190|ITOT|IJS|IWD,"292190,ITOT,IJS,IWD",1,3,0.16648252541459113,0.1436540047048258,1.1589132217836349,-0.1387681069534772,0.5225891752625808
226490|229200|IVV|IWD,"226490,229200,IVV,IWD",2,2,0.13492555902714332,0.14379781034926942,0.938300511665815,-0.18781063151035138,0.37259672413814066
292190|IVV|IWD|IWF,"292190,IVV,IWD,IWF",1,3,0.17631733942861127,0.14390881350506643,1.2252018144976498,-0.1712124927830183,0.5395601403737179
292190|226980|IWD|IWF,"292190,226980,IWD,IWF",2,2,0.16558364472178225,0.1439991926222643,1.1498928688866876,-0.18112019656585754,0.360495034247952
226490|226980|IJS|IWD,"226490,226980,IJS,IWD",2,2,0.15121829716714846,0.14427791382176064,1.0481042673930114,-0.15596631938039673,0.3862503741831347
275290|ITOT|IWM|IWD,"275290,ITOT,IWM,IWD",1,3,0.16768835904723928,0.14429853371181192,1.1620932987589514,-0.15377001234743592,0.5316774229495211
226490|229200|ITOT|IWD,"226490,229200,ITOT,IWD",2,2,0.13266065121968643,0.14440585995356262,0.9186652900536505,-0.19022889984308544,0.37649563650406287
226980|IJS|IWD|IWF,"226980,IJS,IWD,IWF",1,3,0.14189754655452572,0.14442023222075676,0.9825323250943474,-0.15427438609816713,0.4678387800586441
226980|275290|IJS|IWD,"226980,275290,IJS,IWD",2,2,0.16216046065405632,0.14443039167615485,1.122758574370249,-0.15836655629427965,0.3620754803121735
226980|IVV|ITOT|IJS,"226980,IVV,ITOT,IJS",1,3,0.143293674121406,0.14453704167335477,0.9913975854386262,-0.15277878429935365,0.533135205914049
292190|ITOT|IWD|IWF,"292190,ITOT,IWD,IWF",1,3,0.17405243162115436,0.14454047488795474,1.2041778038717306,-0.1742144420352273,0.5423678340453074
226490|ITOT|IWM|IWD,"226490,ITOT,IWM,IWD",1,3,0.15674619556033145,0.14455780928822143,1.0843149625200024,-0.1639910788415999,0.5580432134009506
292190|226980|IVV|ITOT,"292190,226980,IVV,ITOT",2,2,0.16697977228866256,0.14457287586191583,1.1549868624606179,-0.18095034709723268,0.4292061457087743
069500|ITOT|IJS|IWD,"069500,ITOT,IJS,IWD",1,3,0.16993150502776852,0.14464954764573437,1.1747807566184234,-0.13736830283512402,0.5207106832997522
229200|226980|IVV|IWD,"229200,226980,IVV,IWD",2,2,0.11572276791957328,0.14467005410877803,0.7999082369358957,-0.185997499877121,0.38235402982354255
275290|IJS|IWD|IWF,"275290,IJS,IWD,IWF",1,3,0.17204250114900357,0.1446873574703662,1.189063814260621,-0.14852926663043053,0.4428226120156635
069500|226980|IWD|IWF,"069500,226980,IWD,IWF",2,2,0.16903262433495964,0.1447956915424011,1.1673871130720843,-0.17822722818903125,0.3548961619420384
069500|IVV|IWD|IWF,"069500,IVV,IWD,IWF",1,3,0.17976631904178866,0.14483919013909868,1.2411441880415592,-0.168537830221257,0.5367232889157699
275290|IVV|ITOT|IJS,"275290,IVV,ITOT,IJS",1,3,0.1734386287158839,0.14484139025362505,1.1974383041489973,-0.14752149941369452,0.5073303565741041
226490|IJS|IWD|IWF,"226490,IJS,IWD,IWF",1,3,0.16110033766209575,0.14488994467198218,1.1118807314531898,-0.15323900464710882,0.4664868793430634
292190|IVV|IWM|IWD,"292190,IVV,IWM,IWD",1,3,0.16580654471585893,0.1449518721296757,1.143873082008395,-0.1602845090120325,0.5395829134973763
226490|IVV|ITOT|IJS,"226490,IVV,ITOT,IJS",1,3,0.16249646522897604,0.1450488332343195,1.120287985815582,-0.15173943490927544,0.5335958879942259
292190|226980|IJS|IWD,"292190,226980,IJS,IWD",2,2,0.15801373851521902,0.1450658682808135,1.0892551114045759,-0.16044292767892054,0.36901808120867036
229200|IVV|IJS|IWD,"229200,IVV,IJS,IWD",1,3,0.11803490220795734,0.14527051962924642,0.8125179321255357,-0.14706116694194626,0.49477447667548335
229200|226980|ITOT|IWD,"229200,226980,ITOT,IWD",2,2,0.1134578601121164,0.14527121627772205,0.7810071603944823,-0.18653421959664507,0.3862937873765893
069500|226980|IVV|ITOT,"069500,226980,IVV,ITOT",2,2,0.17042875190183993,0.1453797685978486,1.1723003382491421,-0.17805672075797652,0.42321124285827016
069500|ITOT|IWD|IWF,"069500,ITOT,IWD,IWF",1,3,0.17750141123433175,0.14546100487660674,1.2202680119314768,-0.17154543185642768,0.5394207363599007
069500|226980|IJS|IWD,"069500,226980,IJS,IWD",2,2,0.1614627181283964,0.1459253043887497,1.1064751161885846,-0.15787942663236154,0.36448781462533497
069500|IVV|IWM|IWD,"069500,IVV,IWM,IWD",1,3,0.1692555243290363,0.1459324705060684,1.1598208660628275,-0.15792933068576798,0.5372622232966481
069500|229200|IVV|IWD,"069500,229200,IVV,IWD",2,2,0.14516997998839126,0.1460085991513715,0.9942563714202147,-0.1915101017238402,0.35634651199566036
226980|275290|IVV|IJS,"226980,275290,IVV,IJS",2,2,0.16496984181651178,0.1460811442613647,1.1293027765537755,-0.16848904664584285,0.35245919928596386
226980|275290|IWM|IWD,"226980,275290,IWM,IWD",2,2,0.1592195721478672,0.14611740749275481,1.089668745702062,-0.16933056139735647,0.37831976496835457
292190|229200|IVV|IWD,"292190,229200,IVV,IWD",2,2,0.14172100037521387,0.14627207120293595,0.9688862624949914,-0.19440371330891193,0.3673748586619671
226490|226980|IVV|IJS,"226490,226980,IVV,IJS",2,2,0.15402767832960393,0.14628229993459316,1.052948158447563,-0.17044800852921604,0.3807637444175774
292190|ITOT|IWM|IWD,"292190,ITOT,IWM,IWD",1,3,0.163541636908402,0.146288067864423,1.1179424220707412,-0.1669363450382203,0.5514033553029299
226490|226980|IWM|IWD,"226490,226980,IWM,IWD",2,2,0.14827740866095934,0.1463689346843952,1.013038791193495,-0.17435734560239724,0.4067245691312758
229200|ITOT|IJS|IWD,"229200,ITOT,IJS,IWD",1,3,0.11576999440050043,0.14642110720868243,0.7906646562609488,-0.15288684667866492,0.504684067242661
069500|229200|ITOT|IWD,"069500,229200,ITOT,IWD",2,2,0.14290507218093437,0.1466194717491788,0.9746663964620017,-0.19391963062314688,0.3602151269222646
292190|IJS|IWD|IWF,"292190,IJS,IWD,IWF",1,3,0.1678957790101663,0.1466398956236905,1.144952935871033,-0.15622496031899202,0.4606975356137648
292190|IVV|ITOT|IJS,"292190,IVV,ITOT,IJS",1,3,0.16929190657704662,0.14680418621557012,1.1531817378045004,-0.15473261340069744,0.5278521649101449
292190|229200|ITOT|IWD,"292190,229200,ITOT,IWD",2,2,0.13945609256775698,0.14688759859394657,0.9494068519240136,-0.1968094560943956,0.3713537198160299
292190|226980|IVV|IJS,"292190,226980,IVV,IJS",2,2,0.1608231196776745,0.14723901935654032,1.0922588345161426,-0.17488681942350215,0.36474400940158297
226980|IWM|IWD|IWF,"226980,IWM,IWD,IWF",1,3,0.13895665804833657,0.14724835382714588,0.9436890426052376,-0.18333474059666577,0.49817181045939596
226980|275290|ITOT|IJS,"226980,275290,ITOT,IJS",2,2,0.1627049340090549,0.14725254731492152,1.1049379924211846,-0.1714968435771136,0.36250506368222063
069500|ITOT|IWM|IWD,"069500,ITOT,IWM,IWD",1,3,0.16699061652157937,0.1472540328030966,1.1340308536396684,-0.16459699947499773,0.5489724188747431
292190|226980|IWM|IWD,"292190,226980,IWM,IWD",2,2,0.1550728500090299,0.1472943179253158,1.0528094511266763,-0.17877387099776154,0.3898086991013417
226490|275290|IVV|IWD,"226490,275290,IVV,IWD",2,2,0.18978481218007132,0.14738868498692562,1.287648452775778,-0.1820434719247167,0.43983220511790194
229200|IVV|IWM|IWD,"229200,IVV,IWM,IWD",1,3,0.1150940137017682,0.14740474370643558,0.7808026445267193,-0.17552342507415508,0.5183733538546514
226980|IVV|ITOT|IWM,"226980,IVV,ITOT,IWM",1,3,0.14035278561521686,0.14741587374263831,0.9520873298912684,-0.18187926731546478,0.5698673276969115
229200|275290|IJS|IWD,"229200,275290,IJS,IWD",2,2,0.1374461620956062,0.14745786586744308,0.9321046475687036,-0.17891812859025713,0.31333021882508283
226490|226980|ITOT|IJS,"226490,226980,ITOT,IJS",2,2,0.15176277052214704,0.14746906197083978,1.029115995544586,-0.17647925393148756,0.39099247153894173
069500|IJS|IWD|IWF,"069500,IJS,IWD,IWF",1,3,0.1713447586233437,0.1475446861200409,1.1613075545393705,-0.1538554848086522,0.4581263212779374
069500|IVV|ITOT|IJS,"069500,IVV,ITOT,IJS",1,3,0.17274088619022399,0.14772129289087343,1.1693702567160262,-0.15235609018066054,0.5248849200297269
275290|IWM|IWD|IWF,"275290,IWM,IWD,IWF",1,3,0.16910161264281445,0.14789354860443596,1.1434008733883498,-0.17229713115133227,0.4756363673229731
229200|IVV|IWD|IWF,"229200,IVV,IWD,IWF",1,3,0.12560480841452057,0.14802605807899621,0.8485317385638262,-0.1916388431704834,0.5302559161488161
069500|226980|IVV|IJS,"069500,226980,IVV,IJS",2,2,0.16427209929085188,0.1480287467301961,1.1097310685894117,-0.17234464859761645,0.35912498990065816
226490|275290|ITOT|IWD,"226490,275290,ITOT,IWD",2,2,0.1875199043726144,0.14808330964824207,1.2663135691527305,-0.1821682586751434,0.44492664165047463
275290|IVV|ITOT|IWM,"275290,IVV,ITOT,IWM",1,3,0.17049774020969477,0.14809695413198537,1.1512575745328673,-0.17082024521945915,0.5465432032635246
069500|226980|IWM|IWD,"069500,226980,IWM,IWD",2,2,0.1585218296222073,0.14812912348641935,1.070159776087116,-0.17623588732653261,0.38472598805264796
229200|275290|IWD|IWF,"229200,275290,IWD,IWF",2,2,0.14501606830216943,0.14826123137003933,0.9781118567687433,-0.21091452916033804,0.3167718870959177
226490|229200|IJS|IWD,"226490,229200,IJS,IWD",2,2,0.12650399860869835,0.14842417563649837,0.8523139715359839,-0.17831387324946613,0.34203746648315825
292190|226980|ITOT|IJS,"292190,226980,ITOT,IJS",2,2,0.15855821187021757,0.14843566776383935,1.068194823110057,-0.1808915802433121,0.3750526853110879
226490|IWM|IWD|IWF,"226490,IWM,IWD,IWF",1,3,0.1581594491559066,0.14848823611759382,1.0651311732914233,-0.18234990660965955,0.5035305449423331
229200|ITOT|IWD|IWF,"229200,ITOT,IWD,IWF",1,3,0.12333990060706365,0.14850491398903176,0.8305442378571611,-0.1949512331423695,0.5316052741405071
229200|ITOT|IWM|IWD,"229200,ITOT,IWM,IWD",1,3,0.1128291058943113,0.14858366452895153,0.7593641350279563,-0.18205601763677293,0.5287354599803064
226490|IVV|ITOT|IWM,"226490,IVV,ITOT,IWM",1,3,0.15955557672278692,0.14869577467572845,1.0730336962885545,-0.18089063553105833,0.5770386449756065
229200|275290|IVV|ITOT,"229200,275290,IVV,ITOT",2,2,0.14641219586904972,0.14876454302318826,0.9841874474499487,-0.2097953128978738,0.38440645022298225
226980|IVV|ITOT|IWF,"226980,IVV,ITOT,IWF",1,3,0.15086358032796923,0.14877718984729127,1.0140235911353044,-0.18005956836031978,0.6059155447791321
226980|275290|IVV|IWM,"226980,275290,IVV,IWM",2,2,0.16202895331032263,0.14893342278522936,1.0879287555485633,-0.1836741006525343,0.38364848382770655
226980|275290|IVV|IWF,"226980,275290,IVV,IWF",2,2,0.172539748023075,0.14901811363182582,1.1578441292671529,-0.1912671522127002,0.4017599995240359
226980|IVV|IJS|IWF,"226980,IVV,IJS,IWF",1,3,0.14470692771698115,0.14913178807834482,0.970329193940603,-0.1713572367674263,0.49259343029090646
069500|226980|ITOT|IJS,"069500,226980,ITOT,IJS",2,2,0.16200719148339499,0.14921340142593267,1.0857415616506334,-0.17836414989615113,0.3693234195827045
226490|292190|IVV|IWD,"226490,292190,IVV,IWD",2,2,0.18563809004123402,0.14932512837430134,1.2431805153109254,-0.1888943977948564,0.45903777362854564
275290|IVV|IJS|IWF,"275290,IVV,IJS,IWF",1,3,0.17485188231145904,0.14940595609616267,1.1703140013970963,-0.16467732682237335,0.4674363192584095
226980|275290|ITOT|IWF,"226980,275290,ITOT,IWF",2,2,0.17027484021561812,0.1495205304231812,1.1388057528534505,-0.19368139302038467,0.403245631344806
226490|226980|IVV|IWM,"226490,226980,IVV,IWM",2,2,0.15108678982341478,0.14952446247747425,1.0104486404435387,-0.18869435834733594,0.4161829392512802
229200|275290|IWM|IWD,"229200,275290,IWM,IWD",2,2,0.13450527358941705,0.14960871376029614,0.8990470555406426,-0.19182026915984762,0.3318387743216083
275290|IVV|ITOT|IWF,"275290,IVV,ITOT,IWF",1,3,0.18100853492244712,0.14969816394860935,1.2091566800016764,-0.1833128472246528,0.5849328625556212
226490|226980|IVV|IWF,"226490,226980,IVV,IWF",2,2,0.16159758453616715,0.14987838331297074,1.0781914040180485,-0.1911535734979699,0.43682552852129947
226490|229200|IWD|IWF,"226490,229200,IWD,IWF",2,2,0.13407390481526157,0.14988538108578506,0.8945095501910625,-0.21345398671523774,0.3522401186196431
226490|IVV|IJS|IWF,"226490,IVV,IJS,IWF",1,3,0.1639097188245512,0.1499454452816549,1.0931290278051864,-0.1703903840211598,0.49523023784646175
226490|292190|ITOT|IWD,"226490,292190,ITOT,IWD",2,2,0.18337318223377713,0.15004480250778832,1.222122853767353,-0.18901934097770923,0.4643950216743664
229200|IJS|IWD|IWF,"229200,IJS,IWD,IWF",1,3,0.1171832479960756,0.15005282078831292,0.7809466518552951,-0.17640372351179145,0.4477201303883469
229200|IVV|ITOT|IJS,"229200,IVV,ITOT,IJS",1,3,0.11857937556295589,0.15012382464145274,0.7898771287379879,-0.17476594488674924,0.5145868926479334
226980|275290|ITOT|IWM,"226980,275290,ITOT,IWM",2,2,0.15976404550286577,0.15012696806161868,1.0641928466662407,-0.18964132204285622,0.3941468637824408
226980|ITOT|IJS|IWF,"226980,ITOT,IJS,IWF",1,3,0.14244201990952426,0.15018540761555138,0.9484411446560185,-0.17792254749155667,0.5002726030380394
229200|275290|IVV|IJS,"229200,275290,IVV,IJS",2,2,0.14025554325806167,0.1502221438995383,0.9336542510793758,-0.19443959637510078,0.31355503978618765
229200|226980|IJS|IWD,"229200,226980,IJS,IWD",2,2,0.10730120750112832,0.15023451084695932,0.7142247603177792,-0.18278198639953036,0.3612426428623902
292190|IWM|IWD|IWF,"292190,IWM,IWD,IWF",1,3,0.16495489050397716,0.1503418787827377,1.0971985440088656,-0.1852526382984574,0.49805762415756466
226490|229200|IVV|ITOT,"226490,229200,IVV,ITOT",2,2,0.1354700323821419,0.15038814791568747,0.9008025849090903,-0.21233204517398452,0.42247594583942966
226490|226980|ITOT|IWF,"226490,226980,ITOT,IWF",2,2,0.15933267672871024,0.15039455307468097,1.0594311660315976,-0.19479960210084069,0.4384940230671772
229200|226980|IWD|IWF,"229200,226980,IWD,IWF",2,2,0.11487111370769154,0.15040333312395265,0.7637537767399226,-0.20446117413708564,0.3598621440167911
069500|229200|IJS|IWD,"069500,229200,IJS,IWD",2,2,0.1367484195699463,0.150436045507748,0.9090136549946951,-0.18165745365631603,0.32556584470071814
275290|ITOT|IJS|IWF,"275290,ITOT,IJS,IWF",1,3,0.17258697450400215,0.1504441610184439,1.1471829370821751,-0.1677233113070945,0.4748917840933105
292190|IVV|ITOT|IWM,"292190,IVV,ITOT,IWM",1,3,0.1663510180708575,0.15055397637832643,1.1049261007416686,-0.18380042642237027,0.5716113448360555
226490|IVV|ITOT|IWF,"226490,IVV,ITOT,IWF",1,3,0.17006637143553927,0.15055894862244704,1.1295666779794704,-0.18720213758070436,0.6179593778413931
292190|275290|IVV|IWD,"292190,275290,IVV,IWD",2,2,0.19658025352814187,0.15057409401415014,1.3055383451928213,-0.18827871728096013,0.43617676036052017
226980|275290|IJS|IWF,"226980,275290,IJS,IWF",2,2,0.16411818760463004,0.1505895108327772,1.0898381082257171,-0.18646098313876658,0.3281441223148877
292190|226980|IVV|IWM,"292190,226980,IVV,IWM",2,2,0.15788223117148537,0.1506059220456862,1.0483135658078033,-0.19307253104768984,0.4004796271798159
292190|229200|IJS|IWD,"292190,229200,IJS,IWD",2,2,0.1332994399567689,0.1506999686723244,0.8845352864446145,-0.18459014238101323,0.3363285542449041
226490|226980|ITOT|IWM,"226490,226980,ITOT,IWM",2,2,0.1488218820159579,0.15072991733033478,0.9873413629611745,-0.19463655327051788,0.426864181931122
229200|226980|IVV|ITOT,"229200,226980,IVV,ITOT",2,2,0.11626724127457184,0.15086356475463109,0.7706780723607605,-0.2035153562179336,0.4282853884408199
069500|226490|IVV|IWD,"069500,226490,IVV,IWD",2,2,0.1890870696544114,0.15093483158688786,1.2527729197190687,-0.18879238762776995,0.4575623632640063
226490|229200|IWM|IWD,"226490,229200,IWM,IWD",2,2,0.12356311010250923,0.15095122003949688,0.8185631760391108,-0.19665022149099065,0.3647759322716438
226490|ITOT|IJS|IWF,"226490,ITOT,IJS,IWF",1,3,0.1616448110170943,0.15099650131917064,1.0705202412300645,-0.17694751625965155,0.5028685654064704
292190|226980|IVV|IWF,"292190,226980,IVV,IWF",2,2,0.1683930258842377,0.15111982859984663,1.1143013292460062,-0.19870208573462478,0.4225397263687785
226490|226980|IJS|IWF,"226490,226980,IJS,IWF",2,2,0.1531760241177222,0.15113693616172078,1.0134916586758087,-0.1914398931331457,0.3581599173395394
069500|IWM|IWD|IWF,"069500,IWM,IWD,IWF",1,3,0.16840387011715455,0.15121305744063865,1.1136860332532093,-0.1829531151935624,0.49493396535637896
229200|275290|ITOT|IJS,"229200,275290,ITOT,IJS",2,2,0.13799063545060475,0.1512489468247918,0.9123411325994513,-0.19686419747146156,0.32218167210356186
292190|275290|ITOT|IWD,"292190,275290,ITOT,IWD",2,2,0.19431534572068498,0.15127129800923966,1.2845486769659118,-0.18841073458733193,0.44135114568123335
069500|226980|IVV|IWM,"069500,226980,IVV,IWM",2,2,0.16133121078466273,0.15136663305879586,1.0658307417196515,-0.19055635237179203,0.3943081632135328
069500|IVV|ITOT|IWM,"069500,IVV,ITOT,IWM",1,3,0.16979999768403486,0.15143693042699016,1.121258844888551,-0.18149404316121687,0.5680916554902793
226490|229200|IVV|IJS,"226490,229200,IVV,IJS",2,2,0.1293133797711538,0.15151052245101532,0.8534943822991697,-0.1935187626003525,0.34639193870491547
069500|226490|ITOT|IWD,"069500,226490,ITOT,IWD",2,2,0.1868221618469545,0.15164129663427625,1.232000556533926,-0.1889130285169679,0.4628093650823684
292190|226980|ITOT|IWF,"292190,226980,ITOT,IWF",2,2,0.1661281180767808,0.15164893697314993,1.0954782894798296,-0.20203206298087162,0.4242881697027967
292190|IVV|IJS|IWF,"292190,IVV,IJS,IWF",1,3,0.17070516017262177,0.1518111567237566,1.124457278744313,-0.17375364880948052,0.4906534520756331
292190|226980|ITOT|IWM,"292190,226980,ITOT,IWM",2,2,0.15561732336402845,0.15181993457210874,1.0250124517746784,-0.19898833621833412,0.4112408186477981
069500|226980|IVV|IWF,"069500,226980,IVV,IWF",2,2,0.1718420054974151,0.15182331878199468,1.1318551516066222,-0.19547322133232792,0.41585210114527554
229200|226980|IWM|IWD,"229200,226980,IWM,IWD",2,2,0.1043603189949392,0.151974199123754,0.6866976078614345,-0.200921465745035,0.3772704734523578
069500|229200|IWD|IWF,"069500,229200,IWD,IWF",2,2,0.14431832577650952,0.15211734646310804,0.9487302344674415,-0.2176950229985849,0.33643382397809823
292190|226980|IJS|IWF,"292190,226980,IJS,IWF",2,2,0.15997146546579274,0.1522467811666389,1.050737915376345,-0.19581134040281511,0.34338706842493777
226490|275290|IWD|IWF,"226490,275290,IWD,IWF",2,2,0.18893315796818957,0.1522474051410277,1.2409614324341334,-0.18668208139674336,0.4130480964903702
069500|226980|ITOT|IWF,"069500,226980,ITOT,IWF",2,2,0.1695770976899582,0.15234443960375219,1.1131164230938009,-0.19881183134687008,0.41749029825183515
069500|275290|IVV|IWD,"069500,275290,IVV,IWD",2,2,0.20002923314131926,0.1523791587378074,1.312707294082791,-0.18823248169231355,0.43600673910583526
292190|229200|IWD|IWF,"292190,229200,IWD,IWF",2,2,0.14086934616333213,0.15244417788919426,0.9240716707838103,-0.2208796736920725,0.3482651392448624
226490|229200|ITOT|IJS,"226490,229200,ITOT,IJS",2,2,0.1270484719636969,0.152545045129615,0.8328587261273934,-0.19877586847065976,0.3552014337473972
292190|IVV|ITOT|IWF,"292190,IVV,ITOT,IWF",1,3,0.17686181278360985,0.1525554238389801,1.1593282515493173,-0.19225709312848316,0.6139495876207854
069500|226980|ITOT|IWM,"069500,226980,ITOT,IWM",2,2,0.15906630297720586,0.15256905664310494,1.04258560993334,-0.19648690188075046,0.4049591084540564
069500|IVV|IJS|IWF,"069500,IVV,IJS,IWF",1,3,0.17415413978579913,0.15262992968645925,1.1410222106735952,-0.1710579666649149,0.4869934848222163
069500|229200|IVV|ITOT,"069500,229200,IVV,ITOT",2,2,0.14571445334338984,0.15263267238949657,0.954674061996029,-0.21657601766749324,0.40631924129851177
226490|275290|IVV|ITOT,"226490,275290,IVV,ITOT",2,2,0.1903292855350699,0.15281859560555186,1.2454589363348088,-0.1877055204068816,0.4809249060090109
292190|ITOT|IJS|IWF,"292190,ITOT,IJS,IWF",1,3,0.16844025236516486,0.15286641172846846,1.1018787610738172,-0.17987869507930765,0.49837172842378213
229200|226980|IVV|IJS,"229200,226980,IVV,IJS",2,2,0.11011058866358378,0.15293350514689044,0.7199899626823052,-0.1970233746868728,0.36160840681301115
069500|226980|IJS|IWF,"069500,226980,IJS,IWF",2,2,0.16342044507897013,0.15293701619802555,1.068547361139637,-0.19330857500580567,0.33696508032355554
292190|229200|IVV|ITOT,"292190,229200,IVV,ITOT",2,2,0.14226547373021242,0.15294553634837976,0.9301708119559615,-0.21976459163301443,0.4185465871098664
226490|275290|IJS|IWD,"226490,275290,IJS,IWD",2,2,0.18136325176162635,0.15294982884980446,1.18576956329728,-0.18013919367011555,0.4184829091981282
226980|IVV|IWM|IWF,"226980,IVV,IWM,IWF",1,3,0.14176603921079203,0.15302440794425365,0.9264276275614606,-0.19996179122791868,0.5378714605772198
069500|229200|IWM|IWD,"069500,229200,IWM,IWD",2,2,0.13380753106375717,0.153061532875076,0.8742074416108628,-0.19894587088521265,0.3480682889683755
069500|275290|ITOT|IWD,"069500,275290,ITOT,IWD",2,2,0.19776432533386235,0.15306262278565178,1.2920484552966967,-0.18836014557763237,0.4410708781990898
229200|IWM|IWD|IWF,"229200,IWM,IWD,IWF",1,3,0.11424235948988645,0.15326287727558074,0.7454013752101769,-0.20424214642630512,0.480317431629443
292190|229200|IWM|IWD,"292190,229200,IWM,IWD",2,2,0.13035855145057978,0.15333224320086875,0.8501705103199143,-0.2018534986877688,0.35938344297791974
069500|IVV|ITOT|IWF,"069500,IVV,ITOT,IWF",1,3,0.1803107923967872,0.15337276524246918,1.1756376180068953,-0.18963944929881216,0.6099137370177894
229200|IVV|ITOT|IWM,"229200,IVV,ITOT,IWM",1,3,0.11563848705676676,0.15338328603453233,0.7539184356158088,-0.20262899124574274,0.5535832852711403
229200|275290|IVV|IWM,"229200,275290,IVV,IWM",2,2,0.13731465475187252,0.15348271083656606,0.8946587795031202,-0.21198700860643505,0.34700859516827465
069500|229200|IVV|IJS,"069500,229200,IVV,IJS",2,2,0.13955780073240176,0.15359891545249638,0.9085858472455353,-0.19720705790155157,0.3300441219633558
275290|IVV|IWM|IWF,"275290,IVV,IWM,IWF",1,3,0.17191099380526992,0.15366038853654376,1.1187723488307189,-0.18914051442900093,0.5151950744512808
069500|ITOT|IJS|IWF,"069500,ITOT,IJS,IWF",1,3,0.17188923197834224,0.1536740662186984,1.118531162790482,-0.17755843513944736,0.49460151494290683
292190|229200|IVV|IJS,"292190,229200,IVV,IJS",2,2,0.13610882111922437,0.1539123480473854,0.8843268447656987,-0.20035933583882337,0.34189558442513107
229200|226980|ITOT|IJS,"229200,226980,ITOT,IJS",2,2,0.10784568085612688,0.15395541228556753,0.7004994449697357,-0.20287537210582973,0.37045874704261755
226980|ITOT|IWM|IWF,"226980,ITOT,IWM,IWF",1,3,0.13950113140333512,0.15409466573091093,0.9052950064276729,-0.20632952877994026,0.5460031488828302
226490|IWM|IJS|IWD,"226490,IWM,IJS,IWD",1,3,0.15058954294934337,0.1541893374785483,0.9766534146389614,-0.1567329033404481,0.5544698483724998
069500|292190|IVV|IWD,"069500,292190,IVV,IWD",2,2,0.19588251100248197,0.154232852301215,1.2700440151358003,-0.1950096727180226,0.45441186674564626
226980|IWM|IJS|IWD,"226980,IWM,IJS,IWD",1,3,0.13138675184177334,0.1542491828699623,0.8517824820669369,-0.15795824572754247,0.5606942648716465
275290|IWM|IJS|IWD,"275290,IWM,IJS,IWD",1,3,0.16153170643625123,0.15426087732879462,1.0471333317517664,-0.14651019796063458,0.5333366546187899
IVV|ITOT|IJS|IWD,"IVV,ITOT,IJS,IWD",0,4,0.15121798766577957,0.154387574972672,0.9794699326843272,-0.15734915471693245,0.8512298917513005
226490|292190|IJS|IWD,"226490,292190,IJS,IWD",2,2,0.17721652962278905,0.15439979547945945,1.1477769712872776,-0.18696423329495182,0.4321516969740793
226980|275290|IWM|IWF,"226980,275290,IWM,IWF",2,2,0.1611772990984409,0.15449171633819342,1.0432747005387153,-0.20447187727232063,0.3683318309185586
229200|275290|ITOT|IWM,"229200,275290,ITOT,IWM",2,2,0.13504974694441563,0.15453098090157488,0.8739331502103944,-0.21714298232695273,0.35608774304412627
226490|IVV|IWM|IWF,"226490,IVV,IWM,IWF",1,3,0.16096883031836207,0.15456584920387806,1.0414255875244358,-0.19904305709964087,0.5472189033312932
069500|229200|ITOT|IJS,"069500,229200,ITOT,IJS",2,2,0.13729289292494484,0.1546308363508995,0.8878752528595905,-0.20129175069626115,0.3388233195665195
226490|292190|IWD|IWF,"226490,292190,IWD,IWF",2,2,0.18478643582935228,0.15464829570475036,1.194881812225986,-0.19353292832905034,0.4352118009954448
275290|ITOT|IWM|IWF,"275290,ITOT,IWM,IWF",1,3,0.169646085997813,0.15471312487169087,1.09652032520516,-0.19557120190817978,0.5231030548446591
226490|275290|IVV|IJS,"226490,275290,IVV,IJS",2,2,0.1841726329240818,0.15485692289039996,1.1893083595263614,-0.18555773754052962,0.4128553364430549
069500|292190|ITOT|IWD,"069500,292190,ITOT,IWD",2,2,0.19361760319502508,0.15494107869363402,1.2496208547629024,-0.195137570362526,0.459738817352149
292190|229200|ITOT|IJS,"292190,229200,ITOT,IJS",2,2,0.13384391331176748,0.15494763289799648,0.8638009552548519,-0.2047572418037754,0.3507850282557534
226980|IVV|IWM|IJS,"226980,IVV,IWM,IJS",1,3,0.1341961330042288,0.1551160523568156,0.8651337560830621,-0.17475487705493087,0.5340751510615565
226490|229200|IVV|IWM,"226490,229200,IVV,IWM",2,2,0.1263724912649647,0.1551234292831231,0.8146576687285342,-0.21895872113340176,0.38407540437896265
275290|IVV|IWM|IJS,"275290,IVV,IWM,IJS",1,3,0.1643410875987067,0.15514257675269108,1.059290692719889,-0.1635273855062651,0.5065765978191835
226490|292190|IVV|ITOT,"226490,292190,IVV,ITOT",2,2,0.18618256339623257,0.15522229008136826,1.1994576506933043,-0.19454643477936484,0.5057354952520249
226490|275290|IWM|IWD,"226490,275290,IWM,IWD",2,2,0.1784223632554372,0.15528874668184403,1.1489716226571742,-0.18504260887073243,0.4414378290528272
226490|IVV|IWM|IJS,"226490,IVV,IWM,IJS",1,3,0.15339892411179884,0.155402653863123,0.9871062063516044,-0.1736016416535332,0.5318394428335459
226490|226980|IWM|IWF,"226490,226980,IWM,IWF",2,2,0.15023513561153304,0.15540416020115697,0.9667381839525204,-0.21279310088501902,0.4025775362351703
292190|275290|IWD|IWF,"292190,275290,IWD,IWF",2,2,0.19572859931626013,0.1555130124925633,1.2585994971039478,-0.1928759737613861,0.41063953783438123
226490|ITOT|IWM|IWF,"226490,ITOT,IWM,IWF",1,3,0.15870392251090515,0.15562852799168714,1.0197611232265995,-0.20540279238807824,0.555309746449779
229200|275290|IJS|IWF,"229200,275290,IJS,IWF",2,2,0.1394038890461799,0.15564664751571403,0.8956433772986067,-0.21842520762292084,0.2960914963193615
292190|IWM|IJS|IWD,"292190,IWM,IJS,IWD",1,3,0.15738498429741393,0.15567729692561758,1.010969405337326,-0.15971569527556717,0.5472629947242579
229200|IVV|IJS|IWF,"229200,IVV,IJS,IWF",1,3,0.11999262915853104,0.15569920812222265,0.7706694889824858,-0.2028769717961043,0.48231588260792363
229200|226980|IVV|IWM,"229200,226980,IVV,IWM",2,2,0.10716970015739465,0.15577455160434017,0.6879795130439567,-0.21627408371931578,0.3925812372885404
229200|275290|IVV|IWF,"229200,275290,IVV,IWF",2,2,0.14782544946462486,0.15578984395051818,0.9488773190605226,-0.23438581062616837,0.3833154719849363
292190|275290|IJS|IWD,"292190,275290,IJS,IWD",2,2,0.1881586931096969,0.15590323782046522,1.2068940692968568,-0.1864324229235268,0.4143404176786658
069500|226490|IJS|IWD,"069500,226490,IJS,IWD",2,2,0.18066550923596644,0.15594921379821086,1.1584893878960942,-0.18685743340749572,0.4309419237316607
226490|275290|ITOT|IJS,"226490,275290,ITOT,IJS",2,2,0.1819077251166249,0.15596544153695843,1.1663335372504238,-0.18570373122579398,0.4228603556521871
292190|275290|IVV|ITOT,"292190,275290,IVV,ITOT",2,2,0.19712472688314042,0.15607911452686643,1.2629795311223955,-0.1938806918947662,0.4785619679982394
IVV|ITOT|IWD|IWF,"IVV,ITOT,IWD,IWF",0,4,0.1587878938723428,0.15611035296105805,1.017151590913081,-0.16695732433279464,0.8945534050074015
069500|226490|IWD|IWF,"069500,226490,IWD,IWF",2,2,0.18823541544252967,0.15613101004304158,1.2056247851764852,-0.1934030875025451,0.432933422030448
229200|275290|ITOT|IWF,"229200,275290,ITOT,IWF",2,2,0.14556054165716797,0.15616147323069177,0.9321155765618104,-0.23755603561134175,0.38338187172682386
226490|229200|ITOT|IWM,"226490,229200,ITOT,IWM",2,2,0.12410758345750778,0.1561766974538762,0.7946613386043753,-0.22557606958956244,0.3933374149799218
IVV|ITOT|IWM|IWD,"IVV,ITOT,IWM,IWD",0,4,0.14827709915959042,0.1562804766576818,0.9487883728712829,-0.16036703577282974,0.8805880602378018
292190|IVV|IWM|IWF,"292190,IVV,IWM,IWF",1,3,0.16776427166643265,0.1565163052667022,1.071864502427169,-0.20191023838639444,0.5429585405049945
069500|IWM|IJS|IWD,"069500,IWM,IJS,IWD",1,3,0.16083396391059132,0.15658286148296727,1.027149219188886,-0.15734068763808196,0.5452079416456505
229200|ITOT|IJS|IWF,"229200,ITOT,IJS,IWF",1,3,0.11772772135107415,0.15659996574362248,0.7517736085831079,-0.20869087886816917,0.48857582327617405
292190|226980|IWM|IWF,"292190,226980,IWM,IWF",2,2,0.1570305769596036,0.15662350794248464,1.0025990288588635,-0.2180554257678411,0.38812111026509877
069500|226490|IVV|ITOT,"069500,226490,IVV,ITOT",2,2,0.18963154300941,0.15671213143844917,1.210062943237361,-0.1944250018809156,0.5030610857424376
226490|292190|IVV|IJS,"226490,292190,IVV,IJS",2,2,0.18002591078524452,0.15678639379112239,1.1482240673580568,-0.19237308365199024,0.43186633343812814
226980|ITOT|IWM|IJS,"226980,ITOT,IWM,IJS",1,3,0.13193122519677192,0.156790648423865,0.841448303983739,-0.18134601737877476,0.5507670719426535
275290|ITOT|IWM|IJS,"275290,ITOT,IWM,IJS",1,3,0.16207617979124977,0.1568039421641188,1.0336231191280432,-0.17018427146153414,0.5230448107880487
229200|226980|ITOT|IWM,"229200,226980,ITOT,IWM",2,2,0.10490479234993774,0.15682044840474466,0.668948427434568,-0.2229276220656915,0.4018840930766241
229200|IVV|ITOT|IWF,"229200,IVV,ITOT,IWF",1,3,0.12614928176951912,0.15690106439034954,0.8040052644619161,-0.21919622184834686,0.6078268634736934
292190|IVV|IWM|IJS,"292190,IVV,IWM,IJS",1,3,0.16019436545986943,0.15704738659815165,1.020038403248124,-0.17654897391727975,0.5258451471437738
226490|ITOT|IWM|IJS,"226490,ITOT,IWM,IJS",1,3,0.15113401630434192,0.1570771879262767,0.9621640054778408,-0.1801860901530833,0.5484905185275185
069500|275290|IWD|IWF,"069500,275290,IWD,IWF",2,2,0.19917757892943752,0.1571897413780166,1.26711563479481,-0.1928011724451104,0.4096665479792389
226490|229200|IJS|IWF,"226490,229200,IJS,IWF",2,2,0.12846172555927207,0.15722909054160195,0.8170353534245103,-0.2255445462035376,0.3306396451311274
226490|292190|IWM|IWD,"226490,292190,IWM,IWD",2,2,0.17427564111659993,0.15723101718577595,1.1084049714611013,-0.19186352765248593,0.4596529500652686
069500|226980|IWM|IWF,"069500,226980,IWM,IWF",2,2,0.16047955657278098,0.15728351661585585,1.0203202473195652,-0.21522324793638503,0.38114667769835825
069500|229200|IVV|IWM,"069500,229200,IVV,IWM",2,2,0.13661691222621264,0.15729196059360395,0.8685562295150637,-0.22156277419677695,0.36749156611657474
069500|IVV|IWM|IWF,"069500,IVV,IWM,IWF",1,3,0.17121325127961,0.15729957010594772,1.0884533960537264,-0.19964353749188202,0.5387461287862195
229200|IWM|IJS|IWD,"229200,IWM,IJS,IWD",1,3,0.10667245328332323,0.15736313667235202,0.6778744726309531,-0.17475169011800096,0.522380254081017
292190|ITOT|IWM|IWF,"292190,ITOT,IWM,IWF",1,3,0.16549936385897573,0.15758234824401812,1.0502404977662727,-0.20825183367062006,0.551129332411621
292190|229200|IVV|IWM,"292190,229200,IVV,IWM",2,2,0.13316793261303522,0.15760904831185385,0.8449256818653069,-0.22517636169968125,0.37989547304370835
069500|275290|IJS|IWD,"069500,275290,IJS,IWD",2,2,0.1916076727228743,0.15763946463492215,1.2154803568168622,-0.18638180012199423,0.41443603354610165
226490|229200|IVV|IWF,"226490,229200,IVV,IWF",2,2,0.13688328597771704,0.15766274893712284,0.8682030910948227,-0.236889719740925,0.42291335476931424
069500|275290|IVV|ITOT,"069500,275290,IVV,ITOT",2,2,0.20057370649631784,0.15776230094882357,1.2713665133559495,-0.193814346603574,0.47719294759850656
229200|226980|IVV|IWF,"229200,226980,IVV,IWF",2,2,0.117680494870147,0.15781515707009014,0.7456856302964727,-0.2304907161226295,0.42654667189532597
IVV|IJS|IWD|IWF,"IVV,IJS,IWD,IWF",0,4,0.15263124126135472,0.15781542419988248,0.9671503405651801,-0.16623159875345994,0.7804620933654921
069500|IVV|IWM|IJS,"069500,IVV,IWM,IJS",1,3,0.1636433450730468,0.1578915643281505,1.036428676664082,-0.1742070222797445,0.5227013411475769
226490|292190|ITOT|IJS,"226490,292190,ITOT,IJS",2,2,0.17776100297778763,0.15791368631679042,1.1256845883591213,-0.19251922119232423,0.4421341641605085
292190|275290|IVV|IJS,"292190,275290,IVV,IJS",2,2,0.19096807427215237,0.1579419634182689,1.2091028257412646,-0.1917840940925879,0.40992540288206225
226490|229200|ITOT|IWF,"226490,229200,ITOT,IWF",2,2,0.13461837817026012,0.15804579598409138,0.8517681684099372,-0.24052379765563947,0.4231626172363094
229200|226980|ITOT|IWF,"229200,226980,ITOT,IWF",2,2,0.11541558706269009,0.15819486281855194,0.7295786032892276,-0.23611573193227298,0.42683677954944566
069500|226490|IVV|IJS,"069500,226490,IVV,IJS",2,2,0.1834748903984219,0.15825904850832395,1.1593327024759137,-0.19225108017499326,0.42956780727812016
226490|275290|IVV|IWM,"226490,275290,IVV,IWM",2,2,0.1812317444178927,0.1582811304263863,1.1449990528225364,-0.1904798690652274,0.45075525618331547
229200|226980|IJS|IWF,"229200,226980,IJS,IWF",2,2,0.10925893445170204,0.15829758795586546,0.690212250626107,-0.22126993800682104,0.34372083295096917
292190|275290|IWM|IWD,"292190,275290,IWM,IWD",2,2,0.18521780460350779,0.1583367474494481,1.1697714370610144,-0.1912854935068018,0.437611760477895
069500|229200|ITOT|IWM,"069500,229200,ITOT,IWM",2,2,0.13435200441875572,0.1583419076700866,0.8484930262346273,-0.2280118542544639,0.3767232792782158
069500|ITOT|IWM|IWF,"069500,ITOT,IWM,IWF",1,3,0.1689483434721531,0.1583550064962842,1.066896129211535,-0.20600038765365414,0.5468066744653873
226980|275290|IWM|IJS,"226980,275290,IWM,IJS",2,2,0.1536073928918777,0.15837559838898616,0.9698930545765183,-0.18897185648676162,0.39657529260539315
226490|226980|IWM|IJS,"226490,226980,IWM,IJS",2,2,0.14266522940496984,0.15864196080198353,0.8992906333466477,-0.19385860485995599,0.4240600140563548
292190|229200|ITOT|IWM,"292190,229200,ITOT,IWM",2,2,0.13090302480557836,0.1586622207831086,0.8250421818091335,-0.23089080799304096,0.38923743243280806
292190|ITOT|IWM|IJS,"292190,ITOT,IWM,IJS",1,3,0.1579294576524125,0.15872096728362844,0.9950132005571668,-0.1831146715503047,0.5425761716258869
069500|226490|IWM|IWD,"069500,226490,IWM,IWD",2,2,0.1777246207297773,0.15874188488342605,1.1195824017101186,-0.19174511674149142,0.45789073235749167
226490|275290|IVV|IWF,"226490,275290,IVV,IWF",2,2,0.19174253913064504,0.15884741494040358,1.2070863048201512,-0.19938278700985168,0.4737392876632108
ITOT|IJS|IWD|IWF,"ITOT,IJS,IWD,IWF",0,4,0.15036633345389783,0.15888070791620343,0.9464102685972658,-0.16814927244708366,0.7892005164501965
069500|292190|IJS|IWD,"069500,292190,IJS,IWD",2,2,0.187460950584037,0.1590271760385608,1.1787982108075765,-0.1931329896469286,0.42730438045122
292190|275290|ITOT|IJS,"292190,275290,ITOT,IJS",2,2,0.18870316646469548,0.1590453453395258,1.1864739962169717,-0.1919371784160414,0.42001037087933496
229200|IVV|IWM|IJS,"229200,IVV,IWM,IJS",1,3,0.10948183444577869,0.15929420488104157,0.6872932667421142,-0.19347237134996953,0.5056022422582412
226490|275290|ITOT|IWF,"226490,275290,ITOT,IWF",2,2,0.18947763132318812,0.15932178904846006,1.1892763221831242,-0.20268116723823237,0.4751840742968563
069500|229200|IJS|IWF,"069500,229200,IJS,IWF",2,2,0.13870614652052002,0.15934721269663796,0.8704648432388084,-0.22828106532314674,0.3147357458905031
069500|226490|ITOT|IJS,"069500,226490,ITOT,IJS",2,2,0.181209982590965,0.15937062510404976,1.1370350243192984,-0.19239289619221356,0.4397253917730419
226490|275290|ITOT|IWM,"226490,275290,ITOT,IWM",2,2,0.17896683661043578,0.15940764966154122,1.1226991740385306,-0.1906195282555515,0.4612127909509251
226490|275290|IJS|IWF,"226490,275290,IJS,IWF",2,2,0.18332097871220007,0.15941846120903752,1.1499356932809706,-0.19017186515388873,0.39067553976023256
069500|292190|IWD|IWF,"069500,292190,IWD,IWF",2,2,0.19503085679060023,0.15949681186843687,1.222788433862077,-0.19957928731005303,0.4310298116134808
292190|226980|IWM|IJS,"292190,226980,IWM,IJS",2,2,0.14946067075304037,0.15954587645835572,0.9367880516301043,-0.19820676968507,0.4078696552228098
069500|ITOT|IWM|IJS,"069500,ITOT,IWM,IJS",1,3,0.16137843726558987,0.15955099676057993,1.0114536451799934,-0.18078859742128695,0.5393221194022314
069500|275290|IVV|IJS,"069500,275290,IVV,IJS",2,2,0.19441705388532976,0.1596030631675097,1.218128587427432,-0.19171763641724637,0.4089322658319087
275290|IWM|IJS|IWF,"275290,IWM,IJS,IWF",1,3,0.16348943338682495,0.15961307029902647,1.0242860003916743,-0.18833930441275526,0.46669748442965053
226980|IWM|IJS|IWF,"226980,IWM,IJS,IWF",1,3,0.13334447879234707,0.1596195031272913,0.8353896371047417,-0.19926305341456563,0.4937720072768075
292190|229200|IJS|IWF,"292190,229200,IJS,IWF",2,2,0.13525716690734263,0.15971991340139188,0.8468397210273214,-0.23185745773268363,0.3273901769527359
229200|275290|IWM|IWF,"229200,275290,IWM,IWF",2,2,0.13646300053999078,0.1598910717372917,0.8534748004204118,-0.24127704966226926,0.33854347576337673
229200|IVV|IWM|IWF,"229200,IVV,IWM,IWF",1,3,0.11705174065234192,0.1598974950250483,0.7320423664798845,-0.22950181119645652,0.5298581837345814
069500|229200|IVV|IWF,"069500,229200,IVV,IWF",2,2,0.14712770693896499,0.1598984758349024,0.9201320160854852,-0.2410256915400446,0.4072308651686498
069500|275290|IWM|IWD,"069500,275290,IWM,IWD",2,2,0.18866678421668515,0.16003574491731085,1.178904027435669,-0.19122262582083183,0.4371549318799725
069500|292190|IVV|ITOT,"069500,292190,IVV,ITOT",2,2,0.19642698435748052,0.16007240544646828,1.2271133416756832,-0.20058243821526034,0.5012030959706878
226490|IWM|IJS|IWF,"226490,IWM,IJS,IWF",1,3,0.1525472698999171,0.16019818991040832,0.9522409084973429,-0.19817668108097408,0.4936715793370509
069500|226980|IWM|IJS,"069500,226980,IWM,IJS",2,2,0.1529096503662178,0.1602564555991748,0.9541559483174115,-0.19570660834086906,0.40196382837864747
292190|229200|IVV|IWF,"292190,229200,IVV,IWF",2,2,0.1436787273257876,0.1602621918454442,0.8965229145521134,-0.2441347167268344,0.42015093335300335
069500|229200|ITOT|IWF,"069500,229200,ITOT,IWF",2,2,0.14486279913150807,0.16028714902430122,0.9037705144380935,-0.2441862019869474,0.4074498301963268
292190|229200|ITOT|IWF,"292190,229200,ITOT,IWF",2,2,0.1414138195183307,0.16065524280258298,0.8802315881598922,-0.247286764574442,0.420480144608139
226490|292190|IVV|IWM,"226490,292190,IVV,IWM",2,2,0.17708502227905537,0.160672257033807,1.1021505862197167,-0.19729072647814982,0.47431258641487895
069500|275290|ITOT|IJS,"069500,275290,ITOT,IJS",2,2,0.19215214607787284,0.16068978343804585,1.19579566271528,-0.1918663469688462,0.41890698760172285
IVV|IWM|IWD|IWF,"IVV,IWM,IWD,IWF",0,4,0.1496903527551656,0.16071548770863153,0.931399673356597,-0.17899159176081547,0.8183661703554445
229200|ITOT|IWM|IWF,"229200,ITOT,IWM,IWF",1,3,0.114786832844885,0.16081618361075703,0.7137766253844049,-0.23516722667354284,0.5365706399613092
229200|ITOT|IWM|IJS,"229200,ITOT,IWM,IJS",1,3,0.10721692663832179,0.1608194666665341,0.6666912212850487,-0.20031071034339143,0.5208749310604558
229200|275290|IWM|IJS,"229200,275290,IWM,IJS",2,2,0.12889309433342755,0.16106895756344008,0.8002354785381941,-0.21031082543171997,0.3463273054895346
292190|275290|IVV|IWM,"292190,275290,IVV,IWM",2,2,0.18802718576596322,0.16143628718327713,1.1647145077890555,-0.19665616809733633,0.448141745566853
229200|226980|275290|IWD,"229200,226980,275290,IWD",3,1,0.13513402780722214,0.16144334465585344,0.837036844691774,-0.23905697403241832,0.3468403025826155
069500|292190|IVV|IJS,"069500,292190,IVV,IJS",2,2,0.19027033174649247,0.16145661860974855,1.1784610218202858,-0.19845996596571847,0.4271428219561493
226490|292190|IVV|IWF,"226490,292190,IVV,IWF",2,2,0.18759581699180775,0.1616322499920224,1.1606335802481673,-0.20931213873481613,0.5012452013874076
226490|292190|IJS|IWF,"226490,292190,IJS,IWF",2,2,0.17917425657336278,0.16179556846706375,1.107411397425491,-0.19698710116895113,0.41264467274973676
226490|229200|IWM|IWF,"226490,229200,IWM,IWF",2,2,0.12552083705308292,0.1617957129906945,0.7757982874385684,-0.2511688827070552,0.3773215348671028
ITOT|IWM|IWD|IWF,"ITOT,IWM,IWD,IWF",0,4,0.14742544494770868,0.161802871905338,0.9111423252979046,-0.18547920179690502,0.8275571089986261
226490|292190|ITOT|IWM,"226490,292190,ITOT,IWM",2,2,0.1748201144715985,0.16181366865409538,1.0803791541572836,-0.1974305075868934,0.4850329326957367
069500|292190|IWM|IWD,"069500,292190,IWM,IWD",2,2,0.18452006207784788,0.16190192333630427,1.139702718012565,-0.19797038355522212,0.454569612021581
292190|IWM|IJS|IWF,"292190,IWM,IJS,IWF",1,3,0.15934271124798766,0.16196681208354977,0.9837985276007749,-0.20106287500176323,0.48892416974867164
069500|226490|IVV|IWM,"069500,226490,IVV,IWM",2,2,0.1805340018922328,0.16209892087228966,1.1137273519202961,-0.19715733912512468,0.4714616157895127
229200|226980|IWM|IWF,"229200,226980,IWM,IWF",2,2,0.10631804594551289,0.16212404576161954,0.6557820923235442,-0.24694749161628493,0.3836920874884266
226490|292190|ITOT|IWF,"226490,292190,ITOT,IWF",2,2,0.18533090918435086,0.1621299544539335,1.1431009760568922,-0.2125928546319803,0.5029527995343013
292190|275290|IVV|IWF,"292190,275290,IVV,IWF",2,2,0.1985379804787156,0.16214300397858403,1.2244622068611646,-0.20694941287833823,0.4725432869656916
226490|229200|IWM|IJS,"226490,229200,IWM,IJS",2,2,0.11795093084651971,0.16235019551193433,0.7265216433807692,-0.2171545076429109,0.37834438072761056
292190|275290|ITOT|IWM,"292190,275290,ITOT,IWM",2,2,0.18576227795850636,0.16255695315826882,1.1427519669222908,-0.19680293966251416,0.45867922912260317
069500|292190|ITOT|IJS,"069500,292190,ITOT,IJS",2,2,0.18800542393903558,0.1625623421435772,1.1565127658716108,-0.19860889822320005,0.4373803552392115
292190|275290|IJS|IWF,"292190,275290,IJS,IWF",2,2,0.19011642006027063,0.16258885069992007,1.1693078537787098,-0.19635704828837863,0.38899249230063276
226490|229200|226980|IWD,"226490,229200,226980,IWD",3,1,0.12419186432031432,0.1626207305089936,0.7636902375951755,-0.24341359436570897,0.3828191606499021
292190|275290|ITOT|IWF,"292190,275290,ITOT,IWF",2,2,0.1962730726712587,0.1626237702507493,1.2069150307401286,-0.21022270454968073,0.47406802238747764
069500|IWM|IJS|IWF,"069500,IWM,IJS,IWF",1,3,0.16279169086116504,0.16271625664236788,1.0004635936221355,-0.19877637097676648,0.48497739515201727
069500|226490|IVV|IWF,"069500,226490,IVV,IWF",2,2,0.19104479660498513,0.1629996131489705,1.1720567485665334,-0.20612842028756806,0.49787806950482144
069500|275290|IVV|IWM,"069500,275290,IVV,IWM",2,2,0.19147616537914064,0.1630511625056497,1.1743318013602388,-0.19657769584834406,0.4465961640513411
069500|226490|IJS|IWF,"069500,226490,IJS,IWF",2,2,0.18262323618654017,0.16315399671117858,1.1193304477231212,-0.19683744884126364,0.4095431779892713
069500|226490|ITOT|IWM,"069500,226490,ITOT,IWM",2,2,0.17826909408477587,0.16322518186261334,1.0921666133282364,-0.19729283934275232,0.48207171584291175
069500|226490|ITOT|IWF,"069500,226490,ITOT,IWF",2,2,0.18877988879752822,0.1634879886830458,1.1547018855526803,-0.20941764375919336,0.4994754214242565
069500|275290|IVV|IWF,"069500,275290,IVV,IWF",2,2,0.201986960091893,0.1637002266208837,1.2338832038374523,-0.2037620101161738,0.4704815441929599
069500|229200|226980|IWD,"069500,229200,226980,IWD",3,1,0.13443628528156226,0.1637721018122546,0.8208741525200526,-0.24415108060666535,0.35361086451568363
226490|275290|IWM|IWF,"226490,275290,IWM,IWF",2,2,0.18038009020601092,0.16381551021402185,1.1011172871869566,-0.20709998513591532,0.4375738835624214
229200|226980|IWM|IJS,"229200,226980,IWM,IJS",2,2,0.09874813973894968,0.16385687852268874,0.6026487299724579,-0.21970017579243106,0.39629808433101826
069500|229200|IWM|IWF,"069500,229200,IWM,IWF",2,2,0.13576525801433087,0.16397772459647003,0.8279493958611346,-0.2538189641948756,0.36118161410565025
IVV|ITOT|IJS|IWF,"IVV,ITOT,IJS,IWF",0,4,0.15317571461635326,0.16403030034226393,0.9338257279096508,-0.1796909876145527,0.8234922281371101
292190|229200|226980|IWD,"292190,229200,226980,IWD",3,1,0.13098730566838487,0.1641247351930542,0.7980960670815954,-0.24595635314383124,0.3674012320299558
069500|275290|IJS|IWF,"069500,275290,IJS,IWF",2,2,0.19356539967344802,0.16413432257291896,1.179310924364731,-0.19626221027351165,0.3871963866500218
069500|275290|ITOT|IWM,"069500,275290,ITOT,IWM",2,2,0.18921125757168372,0.1641556592328897,1.1526331681519877,-0.19672013516598763,0.4570234013796326
069500|275290|ITOT|IWF,"069500,275290,ITOT,IWF",2,2,0.19972205228443607,0.1641712878985263,1.2165467837950055,-0.20704373530810205,0.4718960333872873
069500|229200|IWM|IJS,"069500,229200,IWM,IJS",2,2,0.12819535180776764,0.16430348641255535,0.7802351283397448,-0.21960409423074412,0.3615391328252628
292190|229200|IWM|IWF,"292190,229200,IWM,IWF",2,2,0.1323162784011535,0.16435047275778789,0.8050860833005032,-0.2573094889441706,0.3743884896332414
226490|226980|275290|IWD,"226490,226980,275290,IWD",3,1,0.1790511174732423,0.1644089240439774,1.0890596025392654,-0.21940587117731092,0.4493574943430961
292190|229200|IWM|IJS,"292190,229200,IWM,IJS",2,2,0.12474637219459028,0.16461456761686868,0.7578088257956038,-0.2224544397012309,0.3736774026302756
229200|IWM|IJS|IWF,"229200,IWM,IJS,IWF",1,3,0.10863018023389695,0.16466246108171134,0.6597142999095028,-0.22455510433873782,0.4721506319777424
IVV|IWM|IJS|IWD,"IVV,IWM,IJS,IWD",0,4,0.14212044654860237,0.16487196568545073,0.862004925808584,-0.17273621583752774,0.8440266864487632
069500|292190|IVV|IWM,"069500,292190,IVV,IWM",2,2,0.18732944324030332,0.16535457276781587,1.1328954506951776,-0.20331622052912712,0.46935305341207195
226490|292190|226980|IWD,"226490,292190,226980,IWD",3,1,0.174904395334405,0.16547585268272685,1.0569783596749662,-0.2261530618469738,0.46058887614656613
229200|226980|275290|IVV,"229200,226980,275290,IVV",3,1,0.1379434089696776,0.16566499524089673,0.8326647930004246,-0.2503186404873692,0.37915389920267845
229200|226980|275290|ITOT,"229200,226980,275290,ITOT",3,1,0.1356785011622207,0.16611179068960807,0.816790310904214,-0.25594182821315525,0.3818106985059219
226490|275290|IWM|IJS,"226490,275290,IWM,IJS",2,2,0.1728101839994477,0.16632956426967982,1.0389625245411,-0.1886618591826401,0.454234194267172
069500|292190|IVV|IWF,"069500,292190,IVV,IWF",2,2,0.1978402379530557,0.16638522292999355,1.1890493306385557,-0.21363458207113384,0.497187017046324
069500|292190|IJS|IWF,"069500,292190,IJS,IWF",2,2,0.18941867753461072,0.16642545255246877,1.1381593057401655,-0.2030054268031114,0.40836507876869327
069500|292190|ITOT|IWM,"069500,292190,ITOT,IWM",2,2,0.18506453543284646,0.16647444326492103,1.111669345776648,-0.20345885855131374,0.4800431022536116
ITOT|IWM|IJS|IWD,"ITOT,IWM,IJS,IWD",0,4,0.13985553874114545,0.1665145266658685,0.8398999266999838,-0.17578197387482775,0.8617778576674316
292190|226980|275290|IWD,"292190,226980,275290,IWD",3,1,0.18584655882131285,0.16659275431261833,1.115574081166603,-0.22198103708384131,0.43550598644194144
226490|292190|IWM|IWF,"226490,292190,IWM,IWF",2,2,0.17623336806717366,0.16661462363293514,1.0577304934255312,-0.22078596951932272,0.46408934978841576
069500|226490|226980|IWD,"069500,226490,226980,IWD",3,1,0.1783533749475824,0.1668141710434109,1.0691740026161722,-0.2243787577990427,0.4563514449340614
069500|292190|ITOT|IWF,"069500,292190,ITOT,IWF",2,2,0.1955753301455988,0.16687928764647053,1.1719568851463467,-0.21689875910796586,0.4988643177538996
292190|275290|IWM|IWF,"292190,275290,IWM,IWF",2,2,0.1871755315540815,0.1670334436975904,1.1205871555456752,-0.21249782721927224,0.43620725904735175
226490|229200|226980|IVV,"226490,229200,226980,IVV",3,1,0.12700124548276975,0.16712052924218831,0.7599380283120193,-0.25469140238669563,0.4192624085306176
226490|229200|226980|ITOT,"226490,229200,226980,ITOT",3,1,0.12473633767531286,0.1675783656517526,0.7443463074137477,-0.26029422396800594,0.42210207055896865
226490|226980|275290|IVV,"226490,226980,275290,IVV",3,1,0.18186049863569775,0.16785522789029253,1.0834366073754869,-0.23071006321049525,0.4758186972469809
IVV|ITOT|IWM|IWF,"IVV,ITOT,IWM,IWF",0,4,0.15023482611016414,0.16791168637224918,0.8947252532328417,-0.20228410209268022,0.8767938205711013
069500|226490|IWM|IWF,"069500,226490,IWM,IWF",2,2,0.17968234768035102,0.16792375140665342,1.070023425365375,-0.217973520160347,0.4604354105625921
069500|226980|275290|IWD,"069500,226980,275290,IWD",3,1,0.18929553843449023,0.16811120259098852,1.1260138260687054,-0.22021532853976822,0.432573944339291
IVV|ITOT|IWM|IJS,"IVV,ITOT,IWM,IJS",0,4,0.14266491990360092,0.168151836787892,0.8484291496830898,-0.1838820565314827,0.8446958053119928
226490|292190|IWM|IJS,"226490,292190,IWM,IJS",2,2,0.16866346186061043,0.16822383623765277,1.0026133372819805,-0.1954472216976758,0.4722547437640429
226490|229200|275290|IWD,"226490,229200,275290,IWD",3,1,0.15433681891479217,0.16824398323627873,0.9173393065595957,-0.23300432201190924,0.396977606787003
069500|229200|226980|IVV,"069500,229200,226980,IVV",3,1,0.1372456664440177,0.1683478279488105,0.8152505922782084,-0.2554327170658982,0.3901779174372795
IWM|IJS|IWD|IWF,"IWM,IJS,IWD,IWF",0,4,0.14126879233672063,0.1683538444641902,0.8391183033944276,-0.18258567232479694,0.7745567702389197
226490|226980|275290|ITOT,"226490,226980,275290,ITOT",3,1,0.17959559082824084,0.16840016293621535,1.066481098930207,-0.23646448754974247,0.4798538834419824
069500|275290|IWM|IWF,"069500,275290,IWM,IWF",2,2,0.19062451116725887,0.1685278778093232,1.1311155972837703,-0.2096671067062047,0.4338587089313824
229200|226980|275290|IJS,"229200,226980,275290,IJS",3,1,0.12952184855123264,0.16863315981854116,0.7680686805051005,-0.24613507955168656,0.3533543223364206
292190|229200|226980|IVV,"292190,229200,226980,IVV",3,1,0.13379668683084034,0.16874100221557004,0.7929115334986121,-0.25723429532522657,0.405057037869141
069500|229200|226980|ITOT,"069500,229200,226980,ITOT",3,1,0.1349807586365608,0.16881275087381448,0.7995886444469904,-0.26103145300331787,0.3929872820263123
069500|292190|226980|IWD,"069500,292190,226980,IWD",3,1,0.18514881629565294,0.16913643948559898,1.0946713603452516,-0.22695719249506263,0.4430048852719284
292190|229200|226980|ITOT,"292190,229200,226980,ITOT",3,1,0.13153177902338342,0.16920983673549986,0.7773293891240327,-0.2628235149048753,0.4079766486856326
292190|275290|IWM|IJS,"292190,275290,IWM,IJS",2,2,0.17960562534751828,0.16922564407418134,1.0613381106044826,-0.19489509438755692,0.4511336368886289
226490|292190|226980|IVV,"226490,292190,226980,IVV",3,1,0.17771377649686046,0.1693605652385065,1.0493220558551533,-0.2374799320041967,0.4923922882695731
069500|226490|IWM|IJS,"069500,226490,IWM,IJS",2,2,0.1721124414737878,0.1695797041634295,1.014935379931536,-0.19530873685313144,0.4696694102607974
226490|229200|226980|IJS,"226490,229200,226980,IJS",3,1,0.1185796850643248,0.1697927099194289,0.6983791301793462,-0.25036970660151814,0.3884130976917477
226490|292190|226980|ITOT,"226490,292190,226980,ITOT",3,1,0.17544886868940357,0.16993070666052654,1.0324730128963728,-0.2432021006776114,0.4966902859778228
292190|226980|275290|IVV,"292190,226980,275290,IVV",3,1,0.1886559399837683,0.17015010090470872,1.1087618460445325,-0.2332869775812243,0.463179747304296
069500|226490|226980|IVV,"069500,226490,226980,IVV",3,1,0.18116275611003788,0.1706188841080764,1.0617978019085073,-0.2357078205814397,0.48706610413947904
292190|226980|275290|ITOT,"292190,226980,275290,ITOT",3,1,0.18639103217631142,0.1707029579818127,1.0919027671223493,-0.2390278041788334,0.46729488228743804
069500|275290|IWM|IJS,"069500,275290,IWM,IJS",2,2,0.18305460496069564,0.17075964513099778,1.0720015541158205,-0.1948119178253659,0.4498536924952378
069500|229200|226980|IJS,"069500,229200,226980,IJS",3,1,0.12882410602557276,0.1708854918722189,0.7538621600592172,-0.25158540698947673,0.35910719695844967
069500|226490|226980|ITOT,"069500,226490,226980,ITOT",3,1,0.178897848302581,0.17117990035540814,1.0450867650416238,-0.24143916816887245,0.4912538556202699
069500|292190|IWM|IWF,"069500,292190,IWM,IWF",2,2,0.1864777890284216,0.17123186686501612,1.089036710529028,-0.22330528828292184,0.4595737342865441
229200|226980|275290|IWM,"229200,226980,275290,IWM",3,1,0.1265809600450435,0.1712556771450967,0.7391343875730176,-0.2661733238724868,0.37923683112930723
292190|229200|226980|IJS,"292190,229200,226980,IJS",3,1,0.12537512641239537,0.17128004836530833,0.7319890880985371,-0.25304510942946334,0.3737206802681905
229200|226980|275290|IWF,"229200,226980,275290,IWF",3,1,0.13709175475779586,0.17141613086011856,0.7997599413188683,-0.26848577772265103,0.3862528162162375
226490|226980|275290|IJS,"226490,226980,275290,IJS",3,1,0.17343893821725279,0.17144669903085294,1.011620166487086,-0.22606711385102807,0.4541793481433196
226490|292190|229200|IWD,"226490,292190,229200,IWD",3,1,0.1501900967759549,0.1715829002619618,0.8753208888919249,-0.23840552299548268,0.4242647231137974
069500|226980|275290|IVV,"069500,226980,275290,IVV",3,1,0.1921049195969457,0.17158782066790318,1.119572000210621,-0.23152309703162577,0.45915895228405623
292190|229200|275290|IWD,"292190,229200,275290,IWD",3,1,0.16113226026286276,0.17170219655127836,0.9384402966256816,-0.239195026783815,0.3946494796220585
IVV|IWM|IJS|IWF,"IVV,IWM,IJS,IWF",0,4,0.14407817349917607,0.17181193749228502,0.8385806923668834,-0.1947480067863201,0.7821676446977852
069500|226490|229200|IWD,"069500,226490,229200,IWD",3,1,0.1536390763891323,0.17191810960866774,0.893675929422773,-0.23604588969449414,0.4137948489404421
069500|226980|275290|ITOT,"069500,226980,275290,ITOT",3,1,0.18984001178948878,0.17213115316694189,1.102880032444632,-0.23727297678792003,0.4631638410397396
069500|229200|275290|IWD,"069500,229200,275290,IWD",3,1,0.16458123987604012,0.17222168811431546,0.9556359694186493,-0.23647505678648073,0.38548499455855745
226490|292190|226980|IJS,"226490,292190,226980,IJS",3,1,0.1692922160784155,0.17254759150294824,0.9811334635495209,-0.23283443548044913,0.4652161584312193
069500|292190|IWM|IJS,"069500,292190,IWM,IJS",2,2,0.17890788282185838,0.17258733077238164,1.0366223408241515,-0.20152484029836826,0.4670738011212759
226490|229200|275290|IVV,"226490,229200,275290,IVV",3,1,0.15714620007724764,0.17261062760625015,0.9104086014664224,-0.24749522242111555,0.4332799116782023
226490|229200|226980|IWM,"226490,229200,226980,IWM",3,1,0.11563879655813566,0.17273829510861913,0.6694450497234624,-0.27048578280687996,0.4185255167765944
226490|226980|275290|IWF,"226490,226980,275290,IWF",3,1,0.181008844423816,0.17288253134153192,1.0470048247166768,-0.24909761103489492,0.47820136104454375
226490|229200|275290|ITOT,"226490,229200,275290,ITOT",3,1,0.15488129226979075,0.1730422073520705,0.8950492174124336,-0.2497634952284684,0.43589586579432105
069500|292190|226980|IVV,"069500,292190,226980,IVV",3,1,0.1879581974581084,0.17304276621362996,1.0861950578509858,-0.23828745088842196,0.4749321024358159
226490|229200|226980|IWF,"226490,229200,226980,IWF",3,1,0.126149591270888,0.17313068098730616,0.7286379892431499,-0.2728485222547469,0.4280725754372146
ITOT|IWM|IJS|IWF,"ITOT,IWM,IJS,IWF",0,4,0.14181326569171918,0.17323207983736139,0.8186316635167129,-0.2011530449490435,0.7962691660175265
292190|226980|275290|IJS,"292190,226980,275290,IJS",3,1,0.18023437956532334,0.17358768967893293,1.0382900993652493,-0.22878186127297917,0.4410533514385541
069500|292190|226980|ITOT,"069500,292190,226980,ITOT",3,1,0.18569328965065152,0.17361094230860957,1.069594388356953,-0.24400510802216946,0.4791998027047473
069500|226490|226980|IJS,"069500,226490,226980,IJS",3,1,0.1727411956915929,0.17377573164244664,0.9940467179100569,-0.2314131836358293,0.46015561142324585
069500|229200|226980|IWM,"069500,229200,226980,IWM",3,1,0.1258832175193836,0.17392843277532147,0.7237644559357236,-0.2712168017712663,0.3889835945224682
226490|226980|275290|IWM,"226490,226980,275290,IWM",3,1,0.17049804971106364,0.17426225823918354,0.9783991750930179,-0.24693007931274158,0.48450822129437987
292190|229200|226980|IWM,"292190,229200,226980,IWM",3,1,0.12243423790620624,0.1743260466838038,0.7023289992245393,-0.273014688615282,0.4041495222975673
069500|229200|226980|IWF,"069500,229200,226980,IWF",3,1,0.13639401223213596,0.17441132832148937,0.7820249610204404,-0.2735894305971125,0.39943200184481187
226490|229200|275290|IJS,"226490,229200,275290,IJS",3,1,0.14872463965880267,0.17463568553816303,0.8516280003167048,-0.23870200489309035,0.39803246411811427
226490|292190|226980|IWF,"226490,292190,226980,IWF",3,1,0.17686212228497872,0.1748091721313314,1.0117439498661145,-0.25584580840000437,0.4977330880615671
292190|229200|226980|IWF,"292190,229200,226980,IWF",3,1,0.1329450326189586,0.17485530758310786,0.7603145392413695,-0.2753714950161956,0.4151140908771309
069500|226980|275290|IJS,"069500,226980,275290,IJS",3,1,0.18368335917850073,0.17499011512016333,1.0496784864240354,-0.22737101068797982,0.43729819354043503
292190|226980|275290|IWF,"292190,226980,275290,IWF",3,1,0.18780428577188657,0.17527104811452823,1.0715077463858644,-0.2516560674723224,0.46680929720325176
069500|292190|229200|IWD,"069500,292190,229200,IWD",3,1,0.16043451773720285,0.17546725857988932,0.9143273738682015,-0.24185380215353858,0.41197167001451923
226490|292190|226980|IWM,"226490,292190,226980,IWM",3,1,0.16635132757222637,0.17580496748344096,0.9462265483931503,-0.2536316217556235,0.5000913648187697
069500|226490|226980|IWF,"069500,226490,226980,IWF",3,1,0.18031110189815613,0.17596453258579142,1.02470139435767,-0.2540914397957138,0.4916039353310154
069500|292190|226980|IJS,"069500,292190,226980,IJS",3,1,0.17953663703966344,0.17605123210066023,1.019797674219118,-0.23412857023163447,0.44753456295750205
292190|229200|275290|IVV,"292190,229200,275290,IVV",3,1,0.1639416414253182,0.1761330831830369,0.9307827834646522,-0.2535987271943173,0.43216434247172747
226490|292190|229200|IVV,"226490,292190,229200,IVV",3,1,0.15299947793841034,0.17630865702440096,0.8677933376648395,-0.2528838615363347,0.4659092372241189
292190|226980|275290|IWM,"292190,226980,275290,IWM",3,1,0.17729349105913422,0.17649309157937557,1.0045350187511373,-0.24949401780737024,0.47169864753414453
292190|229200|275290|ITOT,"292190,229200,275290,ITOT",3,1,0.1616767336178613,0.1765707943948605,0.9156482201485031,-0.2558552039349341,0.43486024537598683
069500|226490|229200|IVV,"069500,226490,229200,IVV",3,1,0.15644845755158776,0.17658703238747,0.8859566607830304,-0.2501868775446876,0.45435061013317424
069500|229200|275290|IVV,"069500,229200,275290,IVV",3,1,0.16739062103849559,0.17659167948838156,0.9478964214138338,-0.2509162175999178,0.4219111044906372
069500|226980|275290|IWF,"069500,226980,275290,IWF",3,1,0.19125326538506396,0.17660331588438266,1.0829539888722826,-0.24990942877765987,0.4619855335825545
226490|292190|229200|ITOT,"226490,292190,229200,ITOT",3,1,0.15073457013095345,0.17676008023815473,0.8527636439622779,-0.25515303289175106,0.4687880028534859
069500|226490|226980|IWM,"069500,226490,226980,IWM",3,1,0.1698003071854038,0.17700071462324954,0.9593198962322158,-0.2518615433064679,0.4944783733454379
069500|229200|275290|ITOT,"069500,229200,275290,ITOT",3,1,0.1651257132310387,0.17702348536100948,0.9327898662388932,-0.2531763029886315,0.42449676116743795
069500|226490|229200|ITOT,"069500,226490,229200,ITOT",3,1,0.15418354974413084,0.17703297459690154,0.8709312493630178,-0.25318858886609175,0.45711912953508255
226490|229200|275290|IWM,"226490,229200,275290,IWM",3,1,0.14578375115261355,0.17781949554416498,0.81984121429703,-0.2581642290309635,0.43062560810951883
069500|226980|275290|IWM,"069500,226980,275290,IWM",3,1,0.18074247067231158,0.17786286449911995,1.016190035965635,-0.24773163878153592,0.4673910451706671
226490|292190|229200|IJS,"226490,292190,229200,IJS",3,1,0.1445779175199654,0.1779297997514651,0.8125559502787836,-0.24487800015765882,0.42512500892933835
292190|229200|275290|IJS,"292190,229200,275290,IJS",3,1,0.15552008100687326,0.17801430556007658,0.8736381074406858,-0.24487816622640712,0.39642984814955895
069500|226490|229200|IJS,"069500,226490,229200,IJS",3,1,0.14802689713314277,0.17819871526832778,0.8306844239042187,-0.24340372139493793,0.4138320189605143
226490|229200|275290|IWF,"226490,229200,275290,IWF",3,1,0.1562945458653659,0.17840713880486722,0.8760554477380696,-0.26422900598545207,0.4425141089800151
069500|229200|275290|IJS,"069500,229200,275290,IJS",3,1,0.15896906062005062,0.17846115060433052,0.890776844605826,-0.2421609344981639,0.3864422472905893
069500|292190|226980|IWF,"069500,292190,226980,IWF",3,1,0.18710654324622666,0.17847241638148129,1.0483779344719024,-0.2566519530117368,0.4807168197287451
069500|292190|226980|IWM,"069500,292190,226980,IWM",3,1,0.17659574853347432,0.17935731298881083,0.9846030005171365,-0.2544277515399449,0.48217374782422445
069500|292190|229200|IVV,"069500,292190,229200,IVV",3,1,0.1632438988996583,0.18019081622866262,0.905950160592543,-0.2562823236499616,0.45373998916572117
069500|292190|229200|ITOT,"069500,292190,229200,ITOT",3,1,0.1609789910922014,0.1806422708542538,0.8911479596161788,-0.2585433036259066,0.45658845735576997
292190|229200|275290|IWM,"292190,229200,275290,IWM",3,1,0.1525791925006841,0.1812594953247023,0.841772135729269,-0.2608125120433261,0.4293394150854936
226490|292190|229200|IWM,"226490,292190,229200,IWM",3,1,0.14163702901377626,0.18150073055537558,0.7803661648103561,-0.26518062214880234,0.4622644861572331
069500|292190|229200|IJS,"069500,292190,229200,IJS",3,1,0.15482233848121335,0.18166884284525503,0.8522228471124823,-0.24749339550613958,0.4127343512309807
069500|229200|275290|IWM,"069500,229200,275290,IWM",3,1,0.1560281721138615,0.18168881844307028,0.8587659573709584,-0.2590032639094342,0.41879936976116566
069500|226490|229200|IWM,"069500,226490,229200,IWM",3,1,0.14508600862695364,0.18175482520887604,0.7982512071424684,-0.2633648012853542,0.4504190517230508
292190|229200|275290|IWF,"292190,229200,275290,IWF",3,1,0.16308998721343645,0.18197096681011277,0.896241802043187,-0.2702344838974635,0.4426454258749332
069500|229200|275290|IWF,"069500,229200,275290,IWF",3,1,0.16653896682661384,0.1823531149865219,0.9132773346861833,-0.267593513301316,0.4315892192933854
226490|292190|229200|IWF,"226490,292190,229200,IWF",3,1,0.1521478237265286,0.18243265729042246,0.8339944502607222,-0.26961252263561686,0.4781015705203628
226490|292190|275290|IWD,"226490,292190,275290,IWD",3,1,0.20504934992888288,0.18256805084978192,1.123139284088642,-0.2504111272181184,0.5679820827909697
069500|226490|229200|IWF,"069500,226490,229200,IWF",3,1,0.155596803339706,0.18264002688957887,0.8519315617149862,-0.2669576111797156,0.46573997482896057
069500|226490|275290|IWD,"069500,226490,275290,IWD",3,1,0.20849832954206027,0.1845808656321418,1.1295771575672664,-0.25041387482603905,0.5683705340292362
069500|292190|229200|IWM,"069500,292190,229200,IWM",3,1,0.1518814499750242,0.18527645331582965,0.819755814928738,-0.2660133682929223,0.4496378069380473
226490|292190|275290|IVV,"226490,292190,275290,IVV",3,1,0.20785873109133834,0.1861087262661893,1.1168671951149687,-0.25549613561103757,0.5996445519244608
069500|226490|292190|IWD,"069500,226490,292190,IWD",3,1,0.204351607403223,0.18621904650535534,1.097372214272111,-0.25676699367797695,0.5855276618413278
069500|292190|229200|IWF,"069500,292190,229200,IWF",3,1,0.16239224468777655,0.18627673237496237,0.8717795433564511,-0.2729543631173422,0.46637623996290034
226490|292190|275290|ITOT,"226490,292190,275290,ITOT",3,1,0.20559382328388143,0.18661683049230285,1.1016896104253646,-0.2556073618596397,0.6037188417204781
069500|226490|275290|IVV,"069500,226490,275290,IVV",3,1,0.21130771070451573,0.1880387020679508,1.123745847959301,-0.2554835064036862,0.5989442502451376
226490|292190|275290|IJS,"226490,292190,275290,IJS",3,1,0.19943717067289338,0.1884914563611614,1.0580700819179798,-0.2536557085336014,0.5680702853648886
069500|292190|275290|IWD,"069500,292190,275290,IWD",3,1,0.21529377089013083,0.1885058172919055,1.1421067741200983,-0.2564246213722692,0.5681137758221051
069500|226490|275290|ITOT,"069500,226490,275290,ITOT",3,1,0.20904280289705884,0.18853712517467705,1.1087620154565503,-0.255590634438164,0.6029082938136964
069500|226490|292190|IVV,"069500,226490,292190,IVV",3,1,0.20716098856567847,0.1900569672789705,1.089994181910744,-0.26182818036336797,0.6214435872763514
069500|226490|275290|IJS,"069500,226490,275290,IJS",3,1,0.20288615028607077,0.19039079710466147,1.0656300271411772,-0.2536392177626423,0.5676356208076864
069500|226490|292190|ITOT,"069500,226490,292190,ITOT",3,1,0.20489608075822158,0.19057689148060317,1.0751360207755085,-0.26193555563747895,0.6256704423581584
226490|292190|275290|IWF,"226490,292190,275290,IWF",3,1,0.2070070768794566,0.1910534496017665,1.0835034767021687,-0.2597758547436184,0.6054093821116703
226490|292190|275290|IWM,"226490,292190,275290,IWM",3,1,0.19649628216670423,0.19177314842408244,1.0246287542413246,-0.25820631661956883,0.605426216658997
069500|292190|275290|IVV,"069500,292190,275290,IVV",3,1,0.2181031520525863,0.1920305405251792,1.135773254900506,-0.2614297254285012,0.5999000499964763
069500|226490|292190|IJS,"069500,226490,292190,IJS",3,1,0.1987394281472335,0.1920490306018661,1.0348369243229203,-0.25995976569865986,0.5845981771042076
069500|292190|275290|ITOT,"069500,292190,275290,ITOT",3,1,0.21583824424512937,0.19253214865871326,1.1210504102757872,-0.26154370790086456,0.6039440423531757
069500|226490|275290|IWF,"069500,226490,275290,IWF",3,1,0.210456056492634,0.19287556506262468,1.0911493968886163,-0.2597361324131635,0.6039061118318898
069500|226490|275290|IWM,"069500,226490,275290,IWM",3,1,0.19994526177988164,0.19363135016925812,1.032607899521975,-0.25817805200149624,0.6044391076364365
069500|292190|275290|IJS,"069500,292190,275290,IJS",3,1,0.20968159163414132,0.1942391997843237,1.0795019330133377,-0.25964175253706157,0.5681043737969445
069500|226490|292190|IWF,"069500,226490,292190,IWF",3,1,0.20630933435379673,0.1952596589787254,1.0565896480249166,-0.26608174907793847,0.6293635848575346
069500|226490|292190|IWM,"069500,226490,292190,IWM",3,1,0.19579853964104438,0.19567479531528684,1.000632397880157,-0.26449516183155697,0.6259479971694478
069500|292190|275290|IWF,"069500,292190,275290,IWF",3,1,0.21725149784070455,0.1969112743688097,1.1032963883713338,-0.26564264896237444,0.6061087976846214
069500|292190|275290|IWM,"069500,292190,275290,IWM",3,1,0.20674070312795217,0.19752739609534725,1.0466431857794432,-0.2641320014328147,0.6052242835702247
226490|229200|226980|275290,"226490,229200,226980,275290",4,0,0.14641250537041864,0.199914197067632,0.732376727206055,-0.315990110787579,0.6168334645532899
292190|229200|226980|275290,"292190,229200,226980,275290",4,0,0.1532079467184892,0.20240513475772834,0.7569370554846526,-0.3182787947307254,0.6055218322030423
226490|292190|229200|226980,"226490,292190,229200,226980",4,0,0.14226578323158134,0.20256701109082667,0.7023146684421998,-0.3222847956924061,0.6414886033920332
069500|229200|226980|275290,"069500,229200,226980,275290",4,0,0.15665692633166658,0.20270909517563107,0.7728164648751256,-0.316656345403322,0.5925065733739865
069500|226490|229200|226980,"069500,226490,229200,226980",4,0,0.14571476284475873,0.20271411363198377,0.7188190315613436,-0.3206558392173814,0.627167955453123
069500|292190|229200|226980,"069500,292190,229200,226980",4,0,0.1525102041928293,0.20531069204865646,0.7428264094335915,-0.32294653287507014,0.616361271341897
226490|292190|226980|275290,"226490,292190,226980,275290",4,0,0.19712503638450932,0.2100578195308032,0.9384322698617872,-0.3003716834011807,0.7745267708058073
069500|226490|226980|275290,"069500,226490,226980,275290",4,0,0.20057401599768673,0.21167844350966844,0.9475410564823313,-0.2987773911473349,0.7710644482785188
069500|226490|292190|226980,"069500,226490,292190,226980",4,0,0.19642729385884944,0.21295129677113211,0.9224047791075829,-0.3049346784729644,0.7855895986025591
226490|292190|229200|275290,"226490,292190,229200,275290",4,0,0.17241073782605923,0.21464564739463007,0.8032342603671755,-0.310865574784012,0.7262686414478097
069500|292190|226980|275290,"069500,292190,226980,275290",4,0,0.20736945734575726,0.2147059771497476,0.9658299228489878,-0.3010984601219868,0.7618241848860846
069500|226490|229200|275290,"069500,226490,229200,275290",4,0,0.17585971743923662,0.21546847740536668,0.8161737603426183,-0.30922639422945764,0.7165738759596706
069500|226490|292190|229200,"069500,226490,292190,229200",4,0,0.17171299530039932,0.21851738227550183,0.7858093187475009,-0.31567947042557487,0.7471547608070352
069500|292190|229200|275290,"069500,292190,229200,275290",4,0,0.18265515878730718,0.2194773629641507,0.8322277811272133,-0.31162799342867187,0.7188569933034467
069500|226490|292190|275290,"069500,226490,292190,275290",4,0,0.22657224845332732,0.23403035519431123,0.9681318829995725,-0.31905565299336247,0.9682302796164097
