date,069500,226490,292190,229200,226980,275290,IVV,ITOT,IWM,IJS,IWD,IWF
2021-09-10,37130.0,28808.0,17390.0,14740.0,13975.0,11561.0,487643.76863999997,111335.96502,243463.08753,106815.63987,170049.1023,81800.17335
2021-09-17,37271.0,28936.0,17478.0,14982.0,14103.0,11619.0,487027.51249999995,111426.0725,245641.27,107875.45749999999,170298.86000000002,81685.41249999999
2021-09-24,37176.0,28790.0,17400.0,14957.0,14035.0,11565.0,490616.61805,112102.80249999999,247331.94785,110151.2243,171728.52839999998,82100.4054
2021-10-01,35796.0,27787.0,16808.0,14105.0,13531.0,11234.0,484816.88189,110981.90567,249033.95757000003,113279.30616000001,172076.68748000002,80038.85597
2021-10-08,35225.0,27283.0,16487.0,13702.0,13243.0,11037.0,491324.76425999997,112182.01896,249481.93643999996,114817.1871,175123.10375999997,80723.66148
2021-10-15,35774.0,27810.0,16758.0,14155.0,13678.0,11140.0,495223.05488000007,113218.93840000001,250923.72544,113886.04848000001,175655.68864000004,81983.24112
2021-10-22,35769.0,27663.0,16716.0,14155.0,13463.0,11126.0,500932.20837,114509.22967999999,252295.14101999998,114675.55390999999,177555.17651999998,83060.88439999998
2021-10-29,35309.0,27348.0,16565.0,14120.0,13266.0,11050.0,503994.8597399999,114908.78857999998,251178.18284,112307.36812,175558.19369999997,84660.04501999999
2021-11-05,35464.0,27398.0,16680.0,14568.0,13056.0,10970.0,521588.1494,119217.4902,270117.03568000003,121833.58216,180475.97444,87916.9508
2021-11-12,35500.0,27389.0,16707.0,14637.0,12992.0,10920.0,517755.22224,118399.9908,266272.52352,120349.27979999999,179827.77876,87039.85295999999
2021-11-19,35509.0,27393.0,16767.0,15100.0,12946.0,10871.0,522097.86221999995,118805.46372,259984.76877,117575.59644,177352.76457,89056.80432
2021-11-26,35023.0,27045.0,16510.0,14489.0,12566.0,10800.0,514234.49684,116700.20546,250638.82272,114814.07547999998,176403.39106,86713.41176999999
2021-12-03,35678.0,27343.0,16785.0,14529.0,12420.0,10965.0,502495.90278999996,113352.49932999998,238812.47062999997,111123.52644999999,172534.1603,83946.76753
2021-12-10,36110.0,27782.0,17019.0,14598.0,12594.0,11167.0,522457.92181,117430.43413999998,244844.97962,114065.1467,177606.32865999997,87664.98178
2021-12-17,36242.0,27796.0,17005.0,14376.0,12534.0,11377.0,512160.58124,115222.77480000001,240179.82639000003,111156.93610000002,176567.34137,84988.07401000001
2021-12-24,36483.0,27805.0,17106.0,14529.0,12575.0,11462.0,526924.9995100001,118698.05654000002,249352.20779000001,114862.20865000002,180424.42908,88181.02433
2021-12-31,36260.0,27769.0,17088.0,14834.0,12735.0,11453.0,532188.7883199999,119581.62976,250001.90576,115836.07759999999,183068.54272,88433.04879999999
2022-01-07,35891.0,27558.0,16803.0,13928.0,12767.0,11538.0,527849.4681,118226.8791,245425.95945,118485.32175,186489.62099999998,85055.02605
2022-01-14,35564.0,27315.0,16689.0,13510.0,12589.0,11498.0,520106.73832,116327.26099,240549.82951999997,117893.19095999999,184579.55768,83324.35780999999
2022-01-21,34586.0,26514.0,16111.0,13200.0,12104.0,11073.0,493043.0766,109922.02799999999,222356.9484,110229.9606,177080.8266,77879.844
2022-01-28,33022.0,25040.0,15350.0,12142.0,11244.0,10692.0,502057.23709999997,111615.43675,222515.5298,110381.1253,179228.55635,79557.2136
2022-02-04,33778.0,25713.0,15721.0,12545.0,11715.0,10907.0,506493.43289999996,112786.8462,224488.6119,110216.7675,180829.7127,80450.2503
2022-02-11,33924.0,25685.0,15762.0,11915.0,11697.0,11050.0,497567.22255,111350.47769999999,228168.99180000002,112355.41995000001,180067.1943,78397.9599
2022-02-18,33955.0,25699.0,15827.0,12097.0,11743.0,10988.0,489439.17637,109388.49464,225514.57029000003,112624.60004,177110.27861000004,76868.38594000001
2022-02-25,33095.0,25122.0,15423.0,12166.0,11830.0,10652.0,495764.17871999997,110960.67055999998,230031.42015999998,114091.43935999999,179442.01744,78047.88527999999
2022-03-04,33318.0,25443.0,15583.0,12403.0,12118.0,10911.0,494512.81932000007,110297.44232000002,228035.74508000002,114948.19258,180533.08416,76871.24484
2022-03-11,32689.0,24925.0,15331.0,12403.0,12017.0,10764.0,487956.5152,108879.35519999999,229130.8096,115541.888,179089.9264,75218.0352
2022-03-18,33400.0,25415.0,15661.0,12895.0,12003.0,10911.0,507408.64343999996,113456.31443999999,236625.5972,116541.8532,183161.88467999996,79886.84584
2022-03-25,33359.0,25603.0,15625.0,12786.0,12159.0,10934.0,521780.71176,116285.82987999999,237961.559,117896.3522,187885.3328,81977.58492000001
2022-04-01,33518.0,25695.0,15703.0,12826.0,12347.0,10925.0,520539.69825,116234.74005,238986.74800000002,117497.523,186537.07215000002,82451.98389999999
2022-04-08,32885.0,25338.0,15359.0,12777.0,12150.0,10732.0,518559.83796,115107.08823,229617.92028999998,113728.36069,188382.64692,80525.823
2022-04-15,32616.0,25301.0,15295.0,12491.0,12296.0,10723.0,507077.2374,113024.62372,230807.45188,115592.45221,186358.67996,78188.5221
2022-04-22,32780.0,25402.0,15345.0,12403.0,12388.0,10934.0,499131.28816,111045.53989,226150.37137999997,115282.89016,184761.33362999998,76135.50822
2022-04-29,32815.0,25294.0,15277.0,12320.0,12179.0,10788.0,489081.87166,108795.47725000001,220020.74423,112582.76929000001,180928.09375,74629.59688000001
2022-05-06,32237.0,24876.0,15049.0,11949.0,12096.0,10684.0,495204.77006,109662.57731000001,220106.84696,113874.45069,184672.84264,74445.69561000001
2022-05-13,31978.0,24443.0,14867.0,11761.0,11678.0,10589.0,487828.66874000005,107951.90672,216609.60976,113054.03332,182852.61488,72917.5181
2022-05-20,32329.0,24815.0,15096.0,12271.0,11775.0,10549.0,467252.1150299999,103679.72919,211503.60918,110652.37703999999,177278.60465999998,69029.40392999999
2022-05-27,32200.0,24811.0,15021.0,12112.0,11882.0,10531.0,493563.61802000005,109414.01504,223274.09874,116298.24228,186131.02838000003,73336.70476000001
2022-06-03,32574.0,25076.0,15198.0,12226.0,12119.0,10598.0,482560.66601000004,107054.13128,220191.90041,114548.73071,181590.03458000004,71891.06489000001
2022-06-10,31613.0,24383.0,14746.0,11914.0,11942.0,10350.0,467601.32388000004,103815.18039000001,215219.65168,112278.74339000002,177198.20519,69180.17422
2022-06-17,29594.0,22932.0,13764.0,11098.0,10865.0,9645.0,447059.33684999996,99023.49282,201945.70242000002,104755.71098999999,167828.39052,66602.97105000001
2022-06-24,28910.0,22295.0,13494.0,10756.0,10378.0,9234.0,480691.78392,106396.5774,215874.04304000002,110439.69148,178288.68646,72641.55992
2022-07-01,28240.0,21769.0,13131.0,10122.0,10470.0,9221.0,469440.19961999997,103880.12993,211190.32106000002,109511.44977,176077.85872000002,70015.79991999999
2022-07-08,28767.0,22160.0,13433.0,10746.0,10285.0,9370.0,479884.9214800001,106269.33820000001,216857.43484000003,109053.62464000001,177159.99400000004,72828.2518
2022-07-15,28550.0,21997.0,13340.0,10751.0,9895.0,9230.0,484922.28054999997,107190.12171,217994.66157999999,110761.1764,179079.32881,73289.5687
2022-07-22,29437.0,22555.0,13755.0,11018.0,10322.0,9528.0,492670.68759999995,109112.7947,223846.80500000002,113718.14219999999,181559.6705,74861.2202
2022-07-29,29992.0,23123.0,13978.0,11276.0,10749.0,9645.0,508364.85128,112505.56756999998,231026.48778,117716.6474,185631.90656999996,77773.86924999999
2022-08-05,30376.0,23462.0,14216.0,11801.0,10865.0,9614.0,509658.31106,113185.53434,235261.56742,117010.97529,185109.53671999997,78867.31078
2022-08-12,30677.0,23811.0,14313.0,11702.0,11260.0,9668.0,528072.66688,117486.37824,247829.39808,122669.40928,192992.23679999998,81399.86976
2022-08-19,30307.0,23499.0,14146.0,11405.0,11144.0,9618.0,531476.67298,117900.08872000001,245110.91242,123179.15957,194120.51094,81534.62942000001
2022-08-26,30025.0,23374.0,13997.0,11207.0,11283.0,9483.0,512162.82544,113820.42541,238940.25957,119835.37194,188792.85117,78157.42788
2022-09-02,29010.0,22746.0,13550.0,10974.0,10856.0,9244.0,507472.02791999996,112512.6072,233053.38107999996,116352.82277999999,187838.77031999998,76847.36975999999
2022-09-09,28645.0,22481.0,13377.0,10924.0,10795.0,9171.0,533136.13136,118405.11888,245752.43663999997,120742.81328,197382.87456000003,81060.14016
2022-09-16,28598.0,22499.0,13326.0,10632.0,10689.0,9171.0,510140.3844,113336.02960000001,235947.6468,116660.15079999999,189992.49360000002,77059.8168
2022-09-23,27580.0,21606.0,12809.0,10038.0,10280.0,8837.0,494433.31573,109354.91536,223935.37419,111815.55316,182873.72753,74752.79525
2022-09-30,26186.0,20421.0,12167.0,9439.0,9481.0,8372.0,487013.13420000003,108168.31432,225169.54384,111261.40786,181049.44706,73677.18206
2022-10-07,27019.0,21104.0,12553.0,9667.0,9714.0,8684.0,488568.79236,108527.68608000001,227342.44632000002,113008.38384000001,182556.37224000003,73586.7462
2022-10-14,26908.0,20923.0,12483.0,9632.0,9449.0,8688.0,487031.07580000005,107931.03175,227479.1969,114916.68245000001,183493.682,72410.9507
2022-10-21,26843.0,20937.0,12441.0,9449.0,9435.0,8684.0,513740.22128,113740.88845999999,237374.49873999998,120267.9338,192048.73086,76907.34894
2022-10-28,27439.0,21481.0,12679.0,9801.0,9690.0,8675.0,527077.4164,116958.31915,248551.8337,126344.0572,199108.6521,78150.3741
2022-11-04,28308.0,22192.0,13028.0,9731.0,9997.0,8828.0,509125.2272,112950.15424,242080.03999999998,124492.64976,196527.40992,73680.32256
2022-11-11,30107.0,23453.0,13866.0,10454.0,10456.0,9397.0,500915.92832,111258.58944000001,235231.69664,120713.36320000002,190951.1232,73724.92800000001
2022-11-18,29484.0,23113.0,13629.0,10350.0,10508.0,9298.0,506195.2559299999,112061.54479,235070.39192,121555.02372,193075.04007999998,74053.71948
2022-11-25,29396.0,23071.0,13592.0,10291.0,10624.0,9352.0,507856.16917000007,112335.13865000001,234509.33940000003,121435.84089,194331.0733,74073.19304000001
2022-12-02,29317.0,23053.0,13545.0,10221.0,10568.0,9320.0,504426.97494,111699.75705000001,233358.04800000004,120172.37526000002,192216.47298000002,73947.67128000001
2022-12-09,29024.0,22574.0,13373.0,10157.0,10456.0,9244.0,488043.58602999995,107860.46271,221894.68300999998,114825.67095999999,185991.16535999998,71373.18188
2022-12-16,28527.0,22295.0,13205.0,9974.0,10373.0,9158.0,479162.21264000004,105993.12786,218299.56174000003,112179.94062000001,183595.24166,69817.75252000001
2022-12-23,28099.0,21923.0,12991.0,9682.0,10317.0,9104.0,469704.96624,103812.17008,214210.34183999998,110453.75848,181635.11503999998,67634.43711999999
2022-12-30,27504.0,21527.0,12758.0,9543.0,10345.0,8973.0,463269.17475,102430.69605000001,211447.79325000002,109239.3963,179631.5823,66497.39955
2023-01-06,28443.0,21997.0,13186.0,9657.0,10127.0,9176.0,471569.7006999999,104265.47284,216050.95276,113230.41532,184706.00337999998,66918.52313999999
2023-01-13,29596.0,22885.0,13694.0,9865.0,10693.0,9492.0,473897.18337,105152.01256,222675.19331,116102.01638,184277.68802,68141.53589
2023-01-20,29781.0,22988.0,13736.0,9845.0,10809.0,9695.0,468537.42949999997,104011.5559,219253.18905,114472.41085,180592.66435,68056.65265
2023-01-27,30911.0,23857.0,14295.0,10197.0,10953.0,9957.0,478626.99583999993,106422.12091,223868.93263,117042.20654,183173.72884999998,70179.66732
2023-02-03,30729.0,23760.0,14229.0,10627.0,10935.0,9849.0,485742.94758000004,108277.80678000001,232260.21504000004,123189.19938,184491.87804,71987.63994000001
2023-02-10,30510.0,23681.0,14183.0,10850.0,10860.0,9736.0,494591.35140000004,109883.8852,230918.23104,122000.32604,187991.6398,72941.05736
2023-02-17,30259.0,23569.0,14085.0,10999.0,10884.0,9885.0,506983.81120000005,112962.1563,240693.00014999998,127250.28874999999,192589.01880000002,75058.86009999999
2023-02-24,29900.0,23295.0,13927.0,11033.0,10893.0,9813.0,495328.0455199999,110344.19591999998,234642.05352000002,123720.22263999999,188656.59568,73161.4408
2023-03-03,29858.0,23383.0,13969.0,11479.0,10986.0,9727.0,504005.16151999997,112286.81927999998,239047.30039999998,126064.38543999998,191107.94064,74771.19296
2023-03-10,29276.0,23030.0,13731.0,11375.0,10735.0,9483.0,489775.233,108443.10786,223741.99638,117616.63578,183671.57196,72854.8356
2023-03-17,29416.0,22992.0,13759.0,11627.0,10549.0,9402.0,488206.89045999997,107698.71144000001,213842.98674000002,110833.10684000001,177668.13118000003,74575.56158000001
2023-03-24,29630.0,23206.0,13904.0,11969.0,10521.0,9438.0,492580.0345199999,108447.97326999999,214027.38945,110503.45109999999,178404.49998000002,75373.04278
2023-03-31,30449.0,23778.0,14337.0,12464.0,11088.0,9822.0,512464.03282,113068.06215000001,223567.60579,115701.80585,186660.56345,78252.91273
2023-04-07,30575.0,23918.0,14467.0,13142.0,11042.0,9858.0,519145.91936999996,114030.52287,220794.78339,114249.22965,189350.20949999997,78835.61576999999
2023-04-14,31544.0,24676.0,14886.0,13652.0,11394.0,10120.0,515225.83048000006,113268.49626000001,220689.34472000002,113597.37774,188737.83351000003,78047.00430000002
2023-04-21,31278.0,24420.0,14723.0,12894.0,11357.0,10038.0,526390.2317,115836.3066,227009.9671,115920.24884000001,192770.16648,79745.39364
2023-04-28,30806.0,24042.0,14605.0,12896.0,11087.0,9910.0,534984.22068,117357.62493,225594.94503,116037.98388,194778.75144000002,81227.41809
2023-05-05,30744.0,24085.0,14586.0,12782.0,11120.0,9919.0,524769.44308,115200.40324,222127.08931999997,112873.8626,189246.11743999997,80420.28739999999
2023-05-12,30612.0,23857.0,14391.0,12200.0,11101.0,9835.0,528273.70205,115835.26725,221869.56615,111553.2571,188947.0508,81555.0316
2023-05-19,31618.0,24446.0,14862.0,12573.0,11209.0,10077.0,534116.68368,117181.44085000001,224901.91866000002,113143.76207,189441.74839,83127.97059
2023-05-26,31877.0,24612.0,14972.0,12658.0,11096.0,10156.0,535146.07935,117355.60065000001,224579.96835,112616.53965,186720.46035,84414.0936
2023-06-02,32383.0,25005.0,15243.0,13160.0,11219.0,10244.0,537352.21738,118119.36708,228769.86901999998,114923.66633000001,187635.74907,84979.39538
2023-06-09,32793.0,25371.0,15467.0,13443.0,11474.0,10430.0,534098.5335,117495.7623,230660.47934999998,115620.246,187604.19405000002,83995.0272
2023-06-16,32619.0,25266.0,15409.0,13488.0,11455.0,10305.0,539541.63347,118661.40174000002,228277.17787000004,114132.42022000001,188364.95587,85321.21423
2023-06-23,32005.0,24754.0,15105.0,13209.0,11342.0,10165.0,545513.99416,119642.35204,227314.23480000003,113051.05566,189264.06938,86514.36784
2023-06-30,32066.0,24768.0,15143.0,13110.0,11318.0,10267.0,564134.11931,124024.42763,238188.90147,119486.26883,196642.87463,89334.92096999999
2023-07-07,31434.0,24417.0,14886.0,13309.0,11068.0,9877.0,552542.3505000001,121498.371,232668.58049999998,117090.2115,192662.37,87528.699
2023-07-14,32911.0,25280.0,15543.0,13796.0,11460.0,10258.0,549136.82422,120990.48035999999,234012.24339999998,116832.0742,190393.78804,87606.39774
2023-07-21,32468.0,25148.0,15524.0,14894.0,11375.0,10049.0,560408.8023,123611.05602,240895.72008000003,120671.68500000001,197154.75294,88321.79124
2023-07-28,32628.0,25186.0,15543.0,14839.0,11224.0,9952.0,563280.9967,124223.1121,242122.6479,121726.0663,196666.6836,89372.6328
2023-08-04,32377.0,25152.0,15471.0,14839.0,11540.0,9984.0,565004.3656199999,124641.74682,245484.41874,123653.63369999999,198597.24618,89135.03352
2023-08-11,32169.0,24967.0,15329.0,14492.0,11564.0,9905.0,570181.8441600001,125517.84624000001,244247.69982,123689.35175000002,201500.59626000002,89196.37519
2023-08-18,31142.0,24204.0,14843.0,13975.0,11063.0,9594.0,563929.24059,124032.17186999999,238528.01943,120448.07063999999,198742.63554000002,88370.75942999999
2023-08-25,31303.0,24341.0,14962.0,14437.0,11096.0,9622.0,563144.4026,123697.74604,235361.74844000002,117929.548,196371.31648,88981.48164000001
2023-09-01,32089.0,24768.0,15300.0,14467.0,11332.0,9877.0,574663.1436,126500.48292,242944.98395999998,121824.54564,199325.93772,91622.17932
2023-09-08,31918.0,24593.0,15153.0,14069.0,11323.0,9789.0,573622.1463400001,126092.17096000002,236715.16850000003,117387.73576000001,198632.86448,91463.77296
2023-09-15,32737.0,25067.0,15505.0,13850.0,11450.0,10114.0,569351.2716600001,125140.69603,234987.00297,117233.29361000001,198505.92519,90348.28449
2023-09-22,31417.0,24251.0,14934.0,13423.0,11205.0,9849.0,557660.29008,122337.11832,227963.83560000002,114002.9724,194917.60488,87995.12735999998
2023-09-29,31109.0,23895.0,14739.0,13130.0,11077.0,9719.0,559110.3855099999,122830.69197,231266.91661,115471.60977,194933.23606999998,88591.79968
2023-10-06,30352.0,23336.0,14387.0,12722.0,10714.0,9585.0,561885.88574,123224.54158,226473.66793000003,111793.99335000002,192129.64712,90460.57872
2023-10-13,31010.0,23801.0,14672.0,12866.0,10813.0,9715.0,564584.985,123494.62500000001,222916.32,110805.165,192914.73,90730.53000000001
2023-10-20,30224.0,23027.0,14282.0,12056.0,10393.0,9469.0,552160.4415600001,120786.36024000001,218289.53160000002,109614.04860000001,189679.91532,88297.92552
2023-10-27,29387.0,22340.0,13863.0,11669.0,10199.0,9311.0,539760.1973400001,117993.12980000001,213292.42571000004,106776.44705,185396.95265,86173.54655
2023-11-03,30303.0,22899.0,14291.0,12061.0,10463.0,9603.0,557100.1430400001,121992.32568,223770.84168,113321.74560000001,191059.55856,89322.83040000002
2023-11-10,30830.0,23340.0,14558.0,12409.0,10761.0,9854.0,562466.3795200001,122672.03456,215952.96143999998,108976.91952,188320.70352,91619.652
2023-11-17,31613.0,23867.0,14862.0,12464.0,10841.0,9998.0,566617.94442,123989.34636000001,224235.04752000002,113102.00055000001,190843.11477000001,92146.17159000001
2023-11-24,31827.0,24175.0,15010.0,12653.0,11124.0,10035.0,576642.86976,126147.55168,227195.24016000002,113993.198,194143.18952,93833.74768
2023-12-01,31869.0,24251.0,15100.0,13030.0,11243.0,10119.0,581027.4622,127641.95,234156.97005999996,117886.3182,197843.84728,94109.78947999999
2023-12-08,32121.0,24417.0,15129.0,13150.0,11257.0,10128.0,583010.7861599999,128118.54132,236731.52448,119656.22724,197460.61631999997,94868.84483999999
2023-12-15,32624.0,24844.0,15438.0,13344.0,11318.0,10221.0,592389.64925,130704.96205,247740.53565,125950.8262,202393.7627,96214.17255
2023-12-22,33274.0,25110.0,15728.0,13587.0,11507.0,10555.0,600666.061,132748.4673,255526.3786,128943.4467,204883.72,97581.8003
2023-12-29,34338.0,25873.0,16218.0,13855.0,11753.0,10774.0,596009.8927999999,131582.9816,251619.55839999998,127607.5696,203721.028,96579.5208
2024-01-05,33199.0,25171.0,15733.0,13850.0,11309.0,10509.0,599118.26638,131943.03856000002,247421.08378000002,125795.6482,207198.65104,95901.2101
2024-01-12,32344.0,24669.0,15348.0,13602.0,11252.0,10393.0,609502.22285,134009.5748,247038.22005,124439.80785,206308.5553,99268.15655
2024-01-19,31869.0,24180.0,15095.0,12996.0,10822.0,10179.0,628755.3012,138080.09019999998,250791.4864,125800.25510000001,209903.6485,103404.275
2024-01-26,32040.0,24204.0,15153.0,12901.0,11021.0,10323.0,634141.9667799999,139215.734,254903.10027,128462.39427,212051.16639,104187.3021
2024-02-02,33815.0,25503.0,15847.0,12772.0,11573.0,11113.0,636469.2430799999,139573.3167,250268.72047999996,124437.35004,211117.77657999998,105130.96106
2024-02-09,33786.0,25589.0,15904.0,12946.0,11587.0,11103.0,648094.5259,142266.02558000002,257701.74706000002,125691.94906000001,212291.38598000002,108237.01030000001
2024-02-16,34024.0,25873.0,16052.0,13433.0,11691.0,11075.0,649408.3585000001,142790.9835,262114.18156,128594.07902,215487.22162,107548.84272
2024-02-23,34357.0,26025.0,16204.0,13721.0,11819.0,11243.0,658087.5279,144375.03410000002,258957.4966,126596.73400000001,217809.3654,108942.4831
2024-03-01,34115.0,25921.0,16190.0,13900.0,11597.0,11117.0,664849.24025,146083.79155,266830.73589999997,128090.56629999999,219394.9832,110373.22785
2024-03-08,34729.0,26229.0,16423.0,14308.0,11762.0,11075.0,657600.64444,144543.96808,265693.5573,127637.33007999999,219879.86781999998,108015.99545999999
2024-03-15,34548.0,26148.0,16432.0,14462.0,11800.0,10945.0,661565.5793999999,145263.7239,262123.66770000002,126127.14240000001,221395.06695,108625.08015000001
2024-03-22,35800.0,26940.0,16980.0,15043.0,12059.0,11099.0,681518.36592,149385.64984,267823.74416000006,128616.09096000002,226437.8732,112370.05640000002
2024-03-29,36128.0,27021.0,17217.0,15078.0,12050.0,11075.0,687858.25598,151094.93022,276254.77896,133456.61396000002,231795.31238000002,112371.48722000001
2024-04-05,35843.0,26670.0,16975.0,14159.0,12007.0,10973.0,684998.53208,150294.99776,269886.84672,129386.5268,229862.63536,112131.83335999999
2024-04-12,35409.0,26409.0,16780.0,14000.0,12059.0,10801.0,686175.7817200001,150288.72014,266664.89018,127607.13628,227197.37456,113299.95040000002
2024-04-19,34005.0,25555.0,16147.0,13776.0,12041.0,10495.0,668369.721,146362.81664,260497.84342000002,127491.3636,226619.84498000002,108222.25162000001
2024-04-26,34848.0,26186.0,16561.0,14119.0,12423.0,10778.0,682730.6894299999,149594.95677999998,266202.65541,128951.29118999999,228793.80775999997,111714.79381999999
2024-05-03,35156.0,26375.0,16658.0,14179.0,12620.0,10912.0,680591.72332,149203.70496,268490.81548,129790.75523999998,226806.0342,111883.97208
2024-05-10,35874.0,26836.0,16963.0,14034.0,12952.0,11113.0,695937.01047,152514.14628,272752.21417,132671.22388,232646.36267,114070.8099
2024-05-17,35797.0,26836.0,16871.0,13328.0,13159.0,11008.0,700731.5176800002,153456.24498000002,275104.99305,133155.77828,233215.14328,115050.65605000002
2024-05-24,35349.0,26487.0,16682.0,13243.0,13193.0,10917.0,708308.9606999999,154869.9075,274541.4738,131538.69465,232423.73385000002,117362.17845
2024-05-31,34698.0,26002.0,16391.0,13223.0,13371.0,10807.0,713120.0914500001,155838.35085,277994.3088,134181.44805,235794.61035,117365.31104999999
2024-06-07,35884.0,26783.0,16968.0,14034.0,13058.0,10975.0,712214.2062,155032.81866,268050.7143,129080.51361,230306.44968,118774.00043999999
2024-06-14,36283.0,27166.0,17176.0,13756.0,13207.0,10946.0,731264.1706499999,158823.6364,268221.98832,127399.59621999999,230027.92995,124177.96521000001
2024-06-21,36837.0,27423.0,17385.0,13676.0,13347.0,11233.0,740298.7579600001,160862.87632,272172.88308,129442.17657,234302.55801999997,125304.90374
2024-06-28,37141.0,27558.0,17511.0,13527.0,13351.0,11271.0,734408.46219,159639.65394000002,273320.3811,129815.23815,231826.64310000002,124425.18231
2024-07-05,38292.0,28189.0,18097.0,14109.0,13101.0,11468.0,751041.26478,162910.522,271503.35532,128294.03895999999,231694.70371,129461.09933000001
2024-07-12,37994.0,28126.0,17918.0,14074.0,13395.0,11367.0,755132.18166,164357.1954,286940.83782,135331.9428,237252.16986,128546.4972
2024-07-19,37218.0,27588.0,17554.0,13666.0,13188.0,11338.0,748047.29622,163363.09709999998,294977.5017,140589.25776,241305.3552,124673.27502
2024-07-26,36259.0,27025.0,17099.0,13114.0,12981.0,11099.0,738411.7320799999,161800.39986,303612.63899999997,145227.45754,243105.984,121189.7445
2024-08-02,35426.0,26409.0,16701.0,12880.0,12625.0,11003.0,708217.2396,154565.2872,277211.826,134514.79320000001,233432.01,115698.9372
2024-08-09,34028.0,25575.0,16091.0,12745.0,12380.0,10644.0,712710.8492400001,155469.55968,275644.82016,133893.21096,234338.15592000002,116929.76220000001
2024-08-16,35687.0,26589.0,16876.0,13188.0,12726.0,11061.0,734294.93357,159979.19083,281117.01985,136314.81984,237813.80057,121854.8288
2024-08-23,35706.0,26705.0,16852.0,12914.0,12789.0,11018.0,731731.4528000001,159761.72,286379.7472,138032.4528,238225.0064,121209.08320000001
2024-08-30,35116.0,26448.0,16580.0,12845.0,12688.0,11008.0,738947.75125,161361.6175,288035.84125,139045.83125000002,243104.80250000002,121197.295
2024-09-06,33220.0,25192.0,15664.0,11715.0,11904.0,10424.0,709735.3827200001,154692.25894,272583.09246,133216.47573,236143.70802000002,114989.54805000001
2024-09-13,33365.0,25493.0,15761.0,12203.0,12418.0,10347.0,732379.7121599999,159668.73888,282106.15151999996,136239.59136,238922.60495999997,120949.59023999999
2024-09-20,33389.0,25668.0,15844.0,12541.0,12649.0,10472.0,744570.2109000001,162588.54270000002,289010.2627,139288.7691,242698.5102,123291.5694
2024-09-27,34376.0,26278.0,16343.0,12974.0,12986.0,10582.0,736012.47687,160672.49813999998,283419.82845,136954.31673,240649.64879999997,121549.11284999999
2024-10-04,33220.0,25517.0,15829.0,13049.0,12707.0,10151.0,760174.1661299999,165876.73522,290336.84187,139579.55286999998,248282.26425999997,125561.40531
2024-10-11,33597.0,25735.0,15994.0,12999.0,12822.0,10079.0,770108.16721,168069.01854,293566.68188,140405.34006999998,250984.38115,127512.45163999998
2024-10-18,33684.0,25750.0,15892.0,12601.0,12894.0,10108.0,787213.99325,171958.20023000002,303379.36939999997,146025.30139,257317.34977,130166.47957999998
2024-10-25,33462.0,25668.0,15810.0,12262.0,12817.0,9816.0,791095.77688,172510.57816,298567.69752000005,143219.574,255152.41912,132040.95944
2024-11-01,32854.0,25221.0,15538.0,12332.0,12683.0,9864.0,773855.08046,169158.20768,296346.90469999996,142512.22293,251117.43888,128965.05006000001
2024-11-08,33082.0,25372.0,15674.0,12646.0,12870.0,9753.0,821827.5791,180296.26119999998,326621.2543,156943.5901,264827.3342,138284.1405
2024-11-15,31145.0,24009.0,14797.0,11844.0,12202.0,9418.0,806219.62155,176696.9514,313959.21165,152791.95195000002,262177.71165,134681.02245
2024-11-22,32368.0,24824.0,15209.0,11347.0,12231.0,9749.0,823668.8486400001,181426.72512000002,329716.55664,158520.40704000002,269830.21632,137639.4456
2024-11-29,31684.0,24451.0,14971.0,11292.0,12091.0,9600.0,826918.06365,182133.90404999998,331646.26635,159445.9461,270749.5098,138147.9246
2024-12-06,31388.0,24131.0,14797.0,11282.0,11855.0,9437.0,850630.979,187235.3517,333831.8156,160724.2925,270543.3214,145857.6423
2024-12-13,32150.0,24708.0,15180.0,11546.0,12389.0,9663.0,852881.5214399999,187167.15888,328436.04768,160661.59824000002,267445.07088,147557.2176
2024-12-20,30932.0,23844.0,14559.0,10924.0,12125.0,9299.0,844021.2504,184865.10220000002,316558.81124999997,154383.7373,262144.6051,146660.19045
2024-12-27,31204.0,23956.0,14734.0,11003.0,12091.0,9452.0,862905.7225500001,188699.55969999998,322047.44070000004,156757.3587,267517.4774,149896.44685
2025-01-03,31674.0,24354.0,15010.0,11700.0,12231.0,9528.0,858221.76195,187946.55873,324824.71671,156902.2326,267371.93916,148762.88703
2025-01-10,32650.0,25091.0,15480.0,11879.0,12442.0,9797.0,843258.4576000001,184520.6464,314316.16,152492.7232,263569.1072,145680.6016
2025-01-17,32703.0,25139.0,15451.0,12009.0,12644.0,9710.0,859774.22785,188550.79619999998,323828.85894999997,157734.29555,272404.9201,147545.79795
2025-01-24,32893.0,25304.0,15611.0,12253.0,12688.0,9715.0,858741.8059600001,188298.80918,322364.8783,156401.06216,270568.52418,147832.12920000002
2025-01-31,32572.0,25100.0,15427.0,12258.0,12529.0,9639.0,863107.4862,189362.27070000002,324178.61085,157207.79835,274391.58465,147881.7063
2025-02-07,32567.0,25144.0,15470.0,12506.0,12611.0,9686.0,862176.3444000001,189084.26679999998,323602.82159999997,154528.6482,274074.63800000004,147498.9944
2025-02-14,33468.0,25813.0,15907.0,12740.0,13039.0,10007.0,867575.8016700001,189991.9535,320867.30471,153779.06757,273523.81592,149231.89173
2025-02-21,34388.0,26438.0,16314.0,13049.0,13433.0,10271.0,848888.88914,185202.5122,307528.87976,148760.04774,269413.88759999996,144298.63566
2025-02-28,32898.0,25391.0,15558.0,12576.0,13048.0,9935.0,856041.654,186720.422,308619.472,149391.288,276800.67,143204.684
2025-03-07,33234.0,25658.0,15722.0,12193.0,13313.0,10170.0,823507.76885,179234.4437,293981.2122,144031.017,268164.89245,136499.99480000001
2025-03-14,33482.0,25677.0,15829.0,12188.0,13433.0,10213.0,807017.4138,175595.1953,290312.5966,139983.0371,263795.2013,133344.2801
2025-03-21,34909.0,26497.0,16386.0,11854.0,13448.0,10477.0,818799.3018,178466.418,295070.6196,142045.35570000001,268939.8288,135028.6947
2025-03-28,33935.0,25789.0,15858.0,11451.0,12942.0,10242.0,808167.7768600001,175963.63987,290808.39677,140376.33194,268204.42156000005,131872.0785
2025-04-04,32582.0,24887.0,15335.0,11357.0,12745.0,9969.0,730577.8713,158818.8816,261274.72079999998,126031.704,243853.75680000003,118396.8102
2025-04-11,31963.0,24528.0,15034.0,11426.0,12664.0,9725.0,751689.2481,162542.506,258567.43360000002,121450.1701,245153.33570000003,123765.2633
2025-04-18,32513.0,25018.0,15349.0,11725.0,13154.0,9916.0,737764.99668,160390.71018,260730.8964,122521.73399999998,244671.75216,120421.05785999999
2025-04-25,33283.0,25653.0,15669.0,11854.0,13496.0,10156.0,784625.9210399999,170571.23426,275857.90508,129338.52982,254475.57925999997,130690.78998
2025-05-02,33495.0,25822.0,15811.0,11780.0,13838.0,10152.0,786051.3164499999,170954.26925,277317.46785,129271.97744999999,253842.90344999998,131451.45010000002
2025-05-09,33790.0,25955.0,15861.0,11640.0,14113.0,10231.0,781719.4298399999,170263.69314,277437.00048,130009.22459999999,253740.76613999996,130532.7498
2025-05-16,34678.0,26495.0,16232.0,11610.0,14660.0,10691.0,823412.8,179427.92,289968.0,136300.78,262060.26,139818.0
2025-05-23,34160.0,26139.0,16019.0,11475.0,14556.0,10459.0,783463.5073500001,170498.61495000002,273197.2392,126795.6219,249337.6026,132816.9675
2025-05-30,35639.0,27248.0,16678.0,11890.0,15334.0,11152.0,806810.3618799999,175543.32862,279942.48282,130116.23898,255550.26953,137469.35181999998
2025-06-06,37267.0,28358.0,17480.0,12155.0,15871.0,11637.0,804456.18265,175324.23375,283702.88645,130106.39145000001,253479.1169,137573.2457
2025-06-13,38327.0,29319.0,17975.0,12454.0,16358.0,11855.0,805638.9735,175234.0203,281116.20375000004,129960.50265000001,253545.00660000002,137604.55635
2025-06-20,40077.0,30518.0,18802.0,12779.0,17042.0,12082.0,810128.3994,176441.7978,284498.9286,131365.392,256074.441,137977.767
2025-06-27,40861.0,30934.0,19020.0,12634.0,17372.0,12439.0,830620.88162,180883.41814999998,290316.96385,133926.59982,258998.07927,142985.37067
2025-07-04,40915.0,30919.0,19070.0,12509.0,17052.0,12612.0,847635.35395,184791.06675,301483.69265000004,139865.29744999998,265225.02495,145661.02565
2025-07-11,42429.0,32152.0,19823.0,12999.0,18155.0,13270.0,851677.1581199999,185599.82256,301878.7239,140825.37462000002,265723.11264,146519.9484
2025-07-18,42740.0,32286.0,20006.0,13688.0,18312.0,13181.0,867274.90024,189093.94783999998,306213.36955999996,140574.70056,268199.72816,150521.43988
2025-07-25,42710.0,32355.0,19917.0,13423.0,18244.0,13067.0,875190.9418500001,190675.52044,307282.41010000004,142098.24128000002,271033.75957,151603.84517
2025-08-01,41723.0,31563.0,19496.0,12779.0,17392.0,12647.0,856959.41175,186475.90068,295305.57065999997,135373.96597999998,263301.92374,149351.9257
2025-08-08,43015.0,32430.0,20031.0,13423.0,18199.0,12939.0,877855.01625,190787.49375000002,302550.89625,139081.88999999998,267109.15125,154111.0125
2025-08-15,43287.0,32608.0,20253.0,13693.0,17672.0,12884.0,887935.6587500001,193192.7452,312352.23565,144593.0374,271089.78260000004,155399.1789
2025-08-22,42535.0,32058.0,19877.0,13088.0,17466.0,12587.0,886603.2468,193330.0133,321546.84425,149515.26005,274656.2938,153435.82235
2025-08-29,42773.0,32266.0,19966.0,13243.0,17672.0,12686.0,890393.4373999999,194251.6511,323478.7296,149977.07046,275715.473,154248.75974
2025-09-05,43045.0,32489.0,20120.0,13523.0,17800.0,12864.0,892446.3038400001,194866.24404000002,326725.64652,152041.6014,275383.16988,155372.92836000002
2025-09-12,45926.0,34386.0,21481.0,14087.0,18647.0,13770.0,911079.6841000001,198705.6577,329160.06876,151859.70752000003,278199.36306,159927.35216
2025-09-19,47015.0,34867.0,21992.0,14282.0,18775.0,14087.0,923387.3836,201485.67779999998,336905.6889,153403.03329999998,279957.1236,163223.3845
2025-09-26,46580.0,34287.0,21600.0,13823.0,17914.0,13706.0,929015.2781100001,202534.27743,337673.8992,153834.9222,282794.84208000003,163368.15942
2025-10-03,49080.0,35892.0,22873.0,14092.0,18056.0,14503.0,937737.0785999999,204449.20020000002,343297.3068,156436.5915,285006.4224,164844.2607
2025-10-10,50327.0,36477.0,23329.0,14162.0,18180.0,14765.0,928125.2237,202118.1395,336789.83749999997,149565.7251,281272.8306,163462.5646
2025-10-17,52213.0,37997.0,24136.0,14282.0,18362.0,15255.0,941200.01352,204993.20582000003,343590.0091,153693.02962,285105.5896,165625.28762
2025-10-24,54708.0,39984.0,25299.0,14826.0,19430.0,15909.0,970887.10308,211513.06482000003,356345.7807,161221.14852,293475.81144,171241.96344000002
2025-10-31,57711.0,41648.0,26721.0,15346.0,19819.0,16518.0,973260.0678,211738.2171,350210.0102,156278.3944,289720.7874,173477.97689999998
2025-11-07,55527.0,40018.0,25691.0,15166.0,19351.0,16265.0,976841.4622,212397.60275,350473.54600000003,159646.80635,295266.11425000004,171772.4334
2025-11-14,56088.0,40746.0,26037.0,15685.0,19893.0,16483.0,972624.05702,210946.23638,342502.79018999997,158441.6647,294100.46511999995,170603.96639
2025-11-21,53820.0,39142.0,25002.0,15066.0,19435.0,15844.0,965935.71495,209530.26945000002,344093.94135,157447.99845,295279.57755,167874.0174
2025-11-28,55234.0,39998.0,25691.0,15880.0,19834.0,16270.0,998615.0416,216994.43164,362139.13208,164551.4912,304396.93659999996,174231.05108
2025-12-05,57805.0,41623.0,26681.0,15720.0,20523.0,16993.0,1006296.7545899999,218905.86059999999,366697.74014999997,166563.63684,306459.36504,175866.34769999998
2025-12-12,58554.0,42346.0,26953.0,15805.0,20454.0,17196.0,1003055.9567000001,218400.7406,372133.84249999997,171118.5735,309155.8918,173568.3257
2025-12-19,56693.0,40930.0,26196.0,15246.0,19932.0,16829.0,1004819.039,218692.4178,369131.239,169612.0284,308055.10599999997,174650.9738
2025-12-26,58668.0,42024.0,27038.0,15361.0,19666.0,17498.0,994509.96848,216194.00054,361095.00738,165948.32942000002,304274.20224,172878.82152
2026-01-02,62192.0,43936.0,28707.0,15800.0,19676.0,18488.0,986059.90367,214455.31316000002,357922.83583,164727.72787,304442.93123,170088.72063
2026-01-09,66678.0,46735.0,30524.0,15895.0,19883.0,19443.0,1011624.0579,220454.9,378101.8926,174699.3469,315265.97239999997,173381.57809999998
2026-01-16,70227.0,49326.0,32014.0,15950.0,21000.0,20438.0,1018407.4179000001,222310.25307,390080.16315000004,178652.30334,320534.78121,173092.45776000002
2026-01-23,72480.0,50861.0,33183.0,16549.0,21857.0,20953.0,1007010.07875,219717.37125000003,385679.385,176819.76,317314.8225,170906.8725
2026-01-30,76808.0,53328.0,35347.0,20474.0,22477.0,22601.0,997933.4114999999,216891.79335,373251.2803,173805.05054999999,315170.75865,167854.36615
2026-02-06,74712.0,51892.0,34243.0,18507.0,22462.0,22032.0,1009595.3791,220054.6579,386117.15449999995,184051.3983,326271.3839,166795.7522
2026-02-13,81334.0,56186.0,37120.0,18931.0,24190.0,24294.0,983936.85102,214541.15749999997,378297.5464599999,179381.0381,320934.06952,161211.87052
2026-02-20,85746.0,59064.0,39165.0,20200.0,24958.0,25700.0,996436.1625,217213.49970000001,381198.19511999993,180851.90675999998,323619.46463999996,163850.16161999997
2026-02-27,93515.0,63998.0,42656.0,21074.0,25332.0,27318.0,987421.104,215147.664,374870.16000000003,175817.52,322500.528,161783.712
2026-03-06,83023.0,57177.0,38031.0,20504.0,22989.0,24249.0,995344.2137599998,216541.61823999998,370177.90816,174856.9504,320340.73632,165300.18592
2026-03-13,81016.0,56023.0,37214.0,19900.0,23221.0,23759.0,990832.7052500001,215452.66275,367737.93025000003,172609.18774999998,319346.81675,163796.69975
2026-03-20,86103.0,59079.0,39383.0,20065.0,24865.0,25789.0,977386.61226,212636.53003,363603.53244,171721.32951,316958.13338,160651.10114
2026-03-27,80703.0,55527.0,36803.0,19805.0,23826.0,24126.0,960168.38874,209452.8348,366549.41334,175436.5107,316471.13916,155843.32566000003
2026-04-03,80057.0,55176.0,36560.0,18057.0,23393.0,23759.0,992759.22018,216483.63281999997,378697.90322,178939.48254,324540.62731999997,162262.00535999998
2026-04-10,88085.0,59956.0,39750.0,18552.0,25259.0,26279.0,1009954.7836500001,219998.45114999998,386718.63164999994,181565.86169999998,328079.43705,165361.2945
2026-04-17,93446.0,63552.0,42483.0,19526.0,26918.0,28066.0,1038716.4160000001,226575.94,401683.37600000005,185349.774,330595.97599999997,173736.934
2026-04-24,97370.0,66266.0,44201.0,20270.0,28641.0,29259.0,1056442.31888,230287.90927999996,407587.2008,189174.24031999998,335136.1312,176743.12863999998
2026-05-01,99704.0,67636.0,45171.0,19855.0,28835.0,30010.0,1066860.05025,232489.79624999998,411657.06075,190382.22825,340022.83725000004,177218.1465
2026-05-08,115577.0,76947.0,51766.0,20125.0,29402.0,34496.0,1080618.7891099998,235086.07458,414555.76211,189020.84621,340956.30212,180493.88245
2026-05-15,116964.0,77156.0,52345.0,18975.0,27627.0,35279.0,1108841.39575,240625.48799999998,414719.59675,187395.952,346596.07550000004,186080.548
2026-05-22,123102.0,80298.0,54834.0,19780.0,27538.0,36655.0,1133850.25488,246625.32776,431671.30383999995,195655.21416,357511.35167999996,189533.36751999997
2026-05-29,134544.0,86662.0,59493.0,18730.0,26747.0,39781.0,1140660.37008,248372.65727999998,436001.95583999995,195878.46167999998,356956.01568,192219.69096
2026-06-05,130766.0,84019.0,57872.0,17555.0,25435.0,38365.0,1151985.3222,250896.4178,438050.31440000003,202126.06490000003,367419.6635,191105.8057
2026-06-12,129010.0,83799.0,57623.0,18015.0,25753.0,39028.0,1128316.2943499999,246436.18397999997,443730.46284,204849.18782999998,366469.79355,184478.30856
2026-06-19,146614.0,92961.0,64617.0,16965.0,24952.0,44143.0,1155169.4,252329.0,455208.6,205312.8,372957.2,189712.6
2026-06-26,137104.0,86198.0,60416.0,15260.0,22432.0,41974.0,1121395.086,247002.714,460478.914,210297.094,372830.80799999996,182821.632
2026-07-03,130746.0,83425.0,57109.0,15230.0,23620.0,40364.0,1152582.2,252190.4,458273.19999999995,208592.99999999997,380087.4,186586.4
2026-07-10,120362.0,76678.0,52779.0,14420.0,22750.0,37787.0,1136027.835,248076.67500000002,443541.015,202282.515,369889.74,185739.075
2026-07-17,108781.0,70104.0,47626.0,13580.0,21860.0,34601.0,1109625.92,242262.58,436943.44,203492.84,368572.58,177398.68
2026-07-24,106151.0,68987.0,46408.0,12510.0,21949.0,33744.0,1082732.06,236277.0,424671.445,198180.97999999998,362058.04000000004,171592.525
2026-07-31,108820.0,67850.0,47000.0,12100.0,20215.0,33945.0,1077084.36,234862.15500000003,418017.6,195170.58000000002,361487.61,169848.36
2026-08-07,98090.0,64285.0,43260.0,13605.0,22270.0,30585.0,1094800.935,239023.01,425048.82,196188.305,363030.82,175623.69999999998
2026-08-14,110060.0,71560.0,48565.0,14830.0,23105.0,34580.0,1104614.6439999999,241360.08399999997,432037.94899999996,199216.948,366160.97699999996,177423.169
2026-08-21,109980.0,70890.0,48615.0,13810.0,21695.0,34560.0,1066263.66,232806.42,415744.56,191863.98,356603.94,169632.54
2026-08-28,107180.0,69810.0,47405.0,14475.0,23780.0,33640.0,1066353.5,232404.365,407987.125,189722.635,356366.235,169333.625
2026-09-04,105720.0,68695.0,46655.0,13820.0,22790.0,33690.0,1044869.3919999999,227680.86399999997,399643.10099999997,185692.754,347826.263,166615.841
