date,close,symbol
2021-09-06,1156.5,FX@KRW
2021-09-07,1157.8,FX@KRW
2021-09-08,1166.7,FX@KRW
2021-09-09,1169.2,FX@KRW
2021-09-10,1169.1,FX@KRW
2021-09-13,1176.0,FX@KRW
2021-09-14,1170.8,FX@KRW
2021-09-15,1170.5,FX@KRW
2021-09-16,1171.8,FX@KRW
2021-09-17,1175.0,FX@KRW
2021-09-23,1175.5,FX@KRW
2021-09-24,1176.5,FX@KRW
2021-09-27,1176.8,FX@KRW
2021-09-28,1184.4,FX@KRW
2021-09-29,1181.8,FX@KRW
2021-09-30,1184.0,FX@KRW
2021-10-01,1188.7,FX@KRW
2021-10-05,1188.7,FX@KRW
2021-10-06,1192.3,FX@KRW
2021-10-07,1190.4,FX@KRW
2021-10-08,1194.6,FX@KRW
2021-10-12,1198.8,FX@KRW
2021-10-13,1193.8,FX@KRW
2021-10-14,1186.8,FX@KRW
2021-10-15,1182.4,FX@KRW
2021-10-18,1187.6,FX@KRW
2021-10-19,1178.7,FX@KRW
2021-10-20,1174.2,FX@KRW
2021-10-21,1177.2,FX@KRW
2021-10-22,1177.1,FX@KRW
2021-10-25,1168.4,FX@KRW
2021-10-26,1167.6,FX@KRW
2021-10-27,1170.0,FX@KRW
2021-10-28,1169.7,FX@KRW
2021-10-29,1168.6,FX@KRW
2021-11-01,1176.5,FX@KRW
2021-11-02,1174.4,FX@KRW
2021-11-03,1181.6,FX@KRW
2021-11-04,1182.6,FX@KRW
2021-11-05,1185.2,FX@KRW
2021-11-08,1183.1,FX@KRW
2021-11-09,1177.2,FX@KRW
2021-11-10,1180.9,FX@KRW
2021-11-11,1180.8,FX@KRW
2021-11-12,1179.6,FX@KRW
2021-11-15,1178.4,FX@KRW
2021-11-16,1179.9,FX@KRW
2021-11-17,1182.5,FX@KRW
2021-11-18,1180.4,FX@KRW
2021-11-19,1185.3,FX@KRW
2021-11-22,1185.1,FX@KRW
2021-11-23,1189.7,FX@KRW
2021-11-24,1186.5,FX@KRW
2021-11-25,1190.2,FX@KRW
2021-11-26,1193.3,FX@KRW
2021-11-29,1193.0,FX@KRW
2021-11-30,1187.9,FX@KRW
2021-12-01,1179.2,FX@KRW
2021-12-02,1175.9,FX@KRW
2021-12-03,1180.1,FX@KRW
2021-12-06,1183.0,FX@KRW
2021-12-07,1179.5,FX@KRW
2021-12-08,1175.9,FX@KRW
2021-12-09,1174.5,FX@KRW
2021-12-10,1181.3,FX@KRW
2021-12-13,1180.8,FX@KRW
2021-12-14,1182.6,FX@KRW
2021-12-15,1185.2,FX@KRW
2021-12-16,1183.9,FX@KRW
2021-12-17,1180.9,FX@KRW
2021-12-20,1190.8,FX@KRW
2021-12-21,1192.9,FX@KRW
2021-12-22,1192.0,FX@KRW
2021-12-23,1187.9,FX@KRW
2021-12-24,1186.6,FX@KRW
2021-12-27,1186.8,FX@KRW
2021-12-28,1188.0,FX@KRW
2021-12-29,1186.5,FX@KRW
2021-12-30,1188.8,FX@KRW
2022-01-03,1191.8,FX@KRW
2022-01-04,1194.1,FX@KRW
2022-01-05,1196.9,FX@KRW
2022-01-06,1201.0,FX@KRW
2022-01-07,1201.5,FX@KRW
2022-01-10,1199.1,FX@KRW
2022-01-11,1194.7,FX@KRW
2022-01-12,1190.5,FX@KRW
2022-01-13,1187.5,FX@KRW
2022-01-14,1187.3,FX@KRW
2022-01-17,1192.7,FX@KRW
2022-01-18,1190.1,FX@KRW
2022-01-19,1191.7,FX@KRW
2022-01-20,1192.4,FX@KRW
2022-01-21,1194.0,FX@KRW
2022-01-24,1196.1,FX@KRW
2022-01-25,1198.6,FX@KRW
2022-01-26,1197.7,FX@KRW
2022-01-27,1202.8,FX@KRW
2022-01-28,1205.5,FX@KRW
2022-02-03,1206.4,FX@KRW
2022-02-04,1197.0,FX@KRW
2022-02-07,1200.7,FX@KRW
2022-02-08,1197.7,FX@KRW
2022-02-09,1196.5,FX@KRW
2022-02-10,1196.5,FX@KRW
2022-02-11,1198.5,FX@KRW
2022-02-14,1191.1,FX@KRW
2022-02-15,1199.8,FX@KRW
2022-02-16,1197.6,FX@KRW
2022-02-17,1197.1,FX@KRW
2022-02-18,1195.9,FX@KRW
2022-02-21,1192.1,FX@KRW
2022-02-22,1192.7,FX@KRW
2022-02-23,1193.6,FX@KRW
2022-02-24,1202.4,FX@KRW
2022-02-25,1201.6,FX@KRW
2022-02-28,1202.3,FX@KRW
2022-03-02,1206.1,FX@KRW
2022-03-03,1204.6,FX@KRW
2022-03-04,1214.2,FX@KRW
2022-03-07,1227.1,FX@KRW
2022-03-08,1237.0,FX@KRW
2022-03-10,1228.3,FX@KRW
2022-03-11,1232.0,FX@KRW
2022-03-14,1242.3,FX@KRW
2022-03-15,1242.8,FX@KRW
2022-03-16,1235.7,FX@KRW
2022-03-17,1214.3,FX@KRW
2022-03-18,1207.6,FX@KRW
2022-03-21,1216.3,FX@KRW
2022-03-22,1218.1,FX@KRW
2022-03-23,1213.8,FX@KRW
2022-03-24,1218.8,FX@KRW
2022-03-25,1218.8,FX@KRW
2022-03-28,1227.3,FX@KRW
2022-03-29,1219.8,FX@KRW
2022-03-30,1209.6,FX@KRW
2022-03-31,1212.1,FX@KRW
2022-04-01,1215.5,FX@KRW
2022-04-04,1214.4,FX@KRW
2022-04-05,1212.7,FX@KRW
2022-04-06,1218.3,FX@KRW
2022-04-07,1219.5,FX@KRW
2022-04-08,1225.1,FX@KRW
2022-04-11,1233.1,FX@KRW
2022-04-12,1236.2,FX@KRW
2022-04-13,1228.0,FX@KRW
2022-04-14,1224.7,FX@KRW
2022-04-15,1229.6,FX@KRW
2022-04-18,1234.4,FX@KRW
2022-04-19,1236.9,FX@KRW
2022-04-20,1236.1,FX@KRW
2022-04-21,1239.0,FX@KRW
2022-04-22,1239.1,FX@KRW
2022-04-25,1249.9,FX@KRW
2022-04-26,1250.8,FX@KRW
2022-04-27,1265.2,FX@KRW
2022-04-28,1272.5,FX@KRW
2022-04-29,1255.9,FX@KRW
2022-05-02,1265.1,FX@KRW
2022-05-03,1267.8,FX@KRW
2022-05-04,1266.3,FX@KRW
2022-05-06,1272.7,FX@KRW
2022-05-09,1274.0,FX@KRW
2022-05-10,1276.4,FX@KRW
2022-05-11,1275.3,FX@KRW
2022-05-12,1288.6,FX@KRW
2022-05-13,1284.2,FX@KRW
2022-05-16,1284.1,FX@KRW
2022-05-17,1275.0,FX@KRW
2022-05-18,1266.6,FX@KRW
2022-05-19,1277.7,FX@KRW
2022-05-20,1268.1,FX@KRW
2022-05-23,1264.1,FX@KRW
2022-05-24,1266.2,FX@KRW
2022-05-25,1264.6,FX@KRW
2022-05-26,1267.0,FX@KRW
2022-05-27,1256.2,FX@KRW
2022-05-30,1238.6,FX@KRW
2022-05-31,1237.2,FX@KRW
2022-06-02,1252.1,FX@KRW
2022-06-03,1242.7,FX@KRW
2022-06-07,1257.7,FX@KRW
2022-06-08,1253.8,FX@KRW
2022-06-09,1256.9,FX@KRW
2022-06-10,1268.9,FX@KRW
2022-06-13,1284.0,FX@KRW
2022-06-14,1286.4,FX@KRW
2022-06-15,1290.5,FX@KRW
2022-06-16,1285.6,FX@KRW
2022-06-17,1287.3,FX@KRW
2022-06-20,1292.4,FX@KRW
2022-06-21,1293.6,FX@KRW
2022-06-22,1297.3,FX@KRW
2022-06-23,1301.8,FX@KRW
2022-06-24,1298.2,FX@KRW
2022-06-27,1286.5,FX@KRW
2022-06-28,1283.4,FX@KRW
2022-06-29,1299.0,FX@KRW
2022-06-30,1298.4,FX@KRW
2022-07-01,1297.3,FX@KRW
2022-07-04,1297.1,FX@KRW
2022-07-05,1300.3,FX@KRW
2022-07-06,1306.3,FX@KRW
2022-07-07,1299.8,FX@KRW
2022-07-08,1300.4,FX@KRW
2022-07-11,1303.9,FX@KRW
2022-07-12,1312.1,FX@KRW
2022-07-13,1306.9,FX@KRW
2022-07-14,1312.1,FX@KRW
2022-07-15,1326.1,FX@KRW
2022-07-18,1317.4,FX@KRW
2022-07-19,1313.4,FX@KRW
2022-07-20,1312.9,FX@KRW
2022-07-21,1307.7,FX@KRW
2022-07-22,1313.0,FX@KRW
2022-07-25,1313.7,FX@KRW
2022-07-26,1307.6,FX@KRW
2022-07-27,1313.3,FX@KRW
2022-07-28,1296.1,FX@KRW
2022-07-29,1299.1,FX@KRW
2022-08-01,1304.0,FX@KRW
2022-08-02,1304.7,FX@KRW
2022-08-03,1310.3,FX@KRW
2022-08-04,1310.1,FX@KRW
2022-08-05,1298.3,FX@KRW
2022-08-08,1306.4,FX@KRW
2022-08-09,1304.6,FX@KRW
2022-08-10,1310.4,FX@KRW
2022-08-11,1303.0,FX@KRW
2022-08-12,1302.4,FX@KRW
2022-08-16,1308.1,FX@KRW
2022-08-17,1310.3,FX@KRW
2022-08-18,1320.7,FX@KRW
2022-08-19,1325.9,FX@KRW
2022-08-22,1339.8,FX@KRW
2022-08-23,1345.5,FX@KRW
2022-08-24,1342.1,FX@KRW
2022-08-25,1335.2,FX@KRW
2022-08-26,1331.3,FX@KRW
2022-08-29,1350.4,FX@KRW
2022-08-30,1346.7,FX@KRW
2022-08-31,1337.6,FX@KRW
2022-09-01,1354.9,FX@KRW
2022-09-02,1362.6,FX@KRW
2022-09-05,1371.4,FX@KRW
2022-09-06,1371.7,FX@KRW
2022-09-07,1384.2,FX@KRW
2022-09-08,1380.8,FX@KRW
2022-09-13,1373.6,FX@KRW
2022-09-14,1390.9,FX@KRW
2022-09-15,1393.7,FX@KRW
2022-09-16,1388.0,FX@KRW
2022-09-19,1393.6,FX@KRW
2022-09-20,1389.5,FX@KRW
2022-09-21,1394.2,FX@KRW
2022-09-22,1409.7,FX@KRW
2022-09-23,1409.3,FX@KRW
2022-09-26,1431.3,FX@KRW
2022-09-27,1421.5,FX@KRW
2022-09-28,1439.9,FX@KRW
2022-09-29,1438.9,FX@KRW
2022-09-30,1430.2,FX@KRW
2022-10-04,1426.5,FX@KRW
2022-10-05,1410.1,FX@KRW
2022-10-06,1402.4,FX@KRW
2022-10-07,1412.4,FX@KRW
2022-10-11,1435.2,FX@KRW
2022-10-12,1424.9,FX@KRW
2022-10-13,1431.3,FX@KRW
2022-10-14,1428.5,FX@KRW
2022-10-17,1435.3,FX@KRW
2022-10-18,1422.7,FX@KRW
2022-10-19,1426.2,FX@KRW
2022-10-20,1433.3,FX@KRW
2022-10-21,1439.8,FX@KRW
2022-10-24,1439.7,FX@KRW
2022-10-25,1433.1,FX@KRW
2022-10-26,1426.6,FX@KRW
2022-10-27,1417.0,FX@KRW
2022-10-28,1421.5,FX@KRW
2022-10-31,1424.3,FX@KRW
2022-11-01,1417.2,FX@KRW
2022-11-02,1417.4,FX@KRW
2022-11-03,1423.8,FX@KRW
2022-11-04,1419.2,FX@KRW
2022-11-07,1401.2,FX@KRW
2022-11-08,1384.9,FX@KRW
2022-11-09,1364.8,FX@KRW
2022-11-10,1377.5,FX@KRW
2022-11-11,1318.4,FX@KRW
2022-11-14,1325.9,FX@KRW
2022-11-15,1317.6,FX@KRW
2022-11-16,1325.0,FX@KRW
2022-11-17,1339.1,FX@KRW
2022-11-18,1340.3,FX@KRW
2022-11-21,1354.7,FX@KRW
2022-11-22,1356.6,FX@KRW
2022-11-23,1351.8,FX@KRW
2022-11-24,1328.2,FX@KRW
2022-11-25,1323.7,FX@KRW
2022-11-28,1340.2,FX@KRW
2022-11-29,1326.6,FX@KRW
2022-11-30,1318.8,FX@KRW
2022-12-01,1299.7,FX@KRW
2022-12-02,1299.9,FX@KRW
2022-12-05,1292.6,FX@KRW
2022-12-06,1318.8,FX@KRW
2022-12-07,1321.7,FX@KRW
2022-12-08,1318.0,FX@KRW
2022-12-09,1301.3,FX@KRW
2022-12-12,1307.2,FX@KRW
2022-12-13,1306.0,FX@KRW
2022-12-14,1296.3,FX@KRW
2022-12-15,1303.1,FX@KRW
2022-12-16,1305.4,FX@KRW
2022-12-19,1302.9,FX@KRW
2022-12-20,1289.6,FX@KRW
2022-12-21,1285.7,FX@KRW
2022-12-22,1276.2,FX@KRW
2022-12-23,1280.8,FX@KRW
2022-12-26,1274.8,FX@KRW
2022-12-27,1271.4,FX@KRW
2022-12-28,1267.0,FX@KRW
2022-12-29,1264.5,FX@KRW
2023-01-02,1272.6,FX@KRW
2023-01-03,1271.0,FX@KRW
2023-01-04,1271.7,FX@KRW
2023-01-05,1269.4,FX@KRW
2023-01-06,1268.6,FX@KRW
2023-01-09,1243.5,FX@KRW
2023-01-10,1244.7,FX@KRW
2023-01-11,1246.2,FX@KRW
2023-01-12,1245.8,FX@KRW
2023-01-13,1241.3,FX@KRW
2023-01-16,1235.3,FX@KRW
2023-01-17,1238.7,FX@KRW
2023-01-18,1237.4,FX@KRW
2023-01-19,1232.1,FX@KRW
2023-01-20,1235.5,FX@KRW
2023-01-25,1231.7,FX@KRW
2023-01-26,1230.7,FX@KRW
2023-01-27,1231.3,FX@KRW
2023-01-30,1227.4,FX@KRW
2023-01-31,1231.9,FX@KRW
2023-02-01,1231.3,FX@KRW
2023-02-02,1220.3,FX@KRW
2023-02-03,1229.4,FX@KRW
2023-02-06,1252.8,FX@KRW
2023-02-07,1255.3,FX@KRW
2023-02-08,1260.1,FX@KRW
2023-02-09,1260.4,FX@KRW
2023-02-10,1265.2,FX@KRW
2023-02-13,1277.3,FX@KRW
2023-02-14,1269.4,FX@KRW
2023-02-15,1282.2,FX@KRW
2023-02-16,1284.8,FX@KRW
2023-02-17,1299.5,FX@KRW
2023-02-20,1294.5,FX@KRW
2023-02-21,1295.9,FX@KRW
2023-02-22,1304.9,FX@KRW
2023-02-23,1297.1,FX@KRW
2023-02-24,1304.8,FX@KRW
2023-02-27,1323.0,FX@KRW
2023-02-28,1322.6,FX@KRW
2023-03-02,1315.6,FX@KRW
2023-03-03,1301.6,FX@KRW
2023-03-06,1296.9,FX@KRW
2023-03-07,1299.4,FX@KRW
2023-03-08,1321.4,FX@KRW
2023-03-09,1322.2,FX@KRW
2023-03-10,1324.2,FX@KRW
2023-03-13,1301.8,FX@KRW
2023-03-14,1311.1,FX@KRW
2023-03-15,1303.7,FX@KRW
2023-03-16,1313.0,FX@KRW
2023-03-17,1302.2,FX@KRW
2023-03-20,1310.1,FX@KRW
2023-03-21,1311.2,FX@KRW
2023-03-22,1307.7,FX@KRW
2023-03-23,1278.3,FX@KRW
2023-03-24,1294.3,FX@KRW
2023-03-27,1301.5,FX@KRW
2023-03-28,1298.8,FX@KRW
2023-03-29,1302.7,FX@KRW
2023-03-30,1299.0,FX@KRW
2023-03-31,1301.9,FX@KRW
2023-04-03,1316.5,FX@KRW
2023-04-04,1315.8,FX@KRW
2023-04-05,1310.5,FX@KRW
2023-04-06,1319.1,FX@KRW
2023-04-07,1316.7,FX@KRW
2023-04-10,1319.7,FX@KRW
2023-04-11,1322.2,FX@KRW
2023-04-12,1325.7,FX@KRW
2023-04-13,1310.4,FX@KRW
2023-04-14,1298.9,FX@KRW
2023-04-17,1311.1,FX@KRW
2023-04-18,1318.6,FX@KRW
2023-04-19,1325.7,FX@KRW
2023-04-20,1322.8,FX@KRW
2023-04-21,1328.2,FX@KRW
2023-04-24,1334.8,FX@KRW
2023-04-25,1332.2,FX@KRW
2023-04-26,1336.3,FX@KRW
2023-04-27,1338.0,FX@KRW
2023-04-28,1337.7,FX@KRW
2023-05-02,1342.1,FX@KRW
2023-05-03,1338.2,FX@KRW
2023-05-04,1322.8,FX@KRW
2023-05-08,1321.4,FX@KRW
2023-05-09,1323.9,FX@KRW
2023-05-10,1324.8,FX@KRW
2023-05-11,1326.3,FX@KRW
2023-05-12,1334.5,FX@KRW
2023-05-15,1337.0,FX@KRW
2023-05-16,1338.6,FX@KRW
2023-05-17,1337.2,FX@KRW
2023-05-18,1334.2,FX@KRW
2023-05-19,1326.7,FX@KRW
2023-05-22,1318.1,FX@KRW
2023-05-23,1312.7,FX@KRW
2023-05-24,1317.4,FX@KRW
2023-05-25,1326.0,FX@KRW
2023-05-26,1324.5,FX@KRW
2023-05-30,1324.9,FX@KRW
2023-05-31,1327.2,FX@KRW
2023-06-01,1321.6,FX@KRW
2023-06-02,1305.7,FX@KRW
2023-06-05,1308.1,FX@KRW
2023-06-07,1303.8,FX@KRW
2023-06-08,1303.7,FX@KRW
2023-06-09,1291.5,FX@KRW
2023-06-12,1288.3,FX@KRW
2023-06-13,1271.4,FX@KRW
2023-06-14,1278.5,FX@KRW
2023-06-15,1280.5,FX@KRW
2023-06-16,1271.9,FX@KRW
2023-06-19,1282.0,FX@KRW
2023-06-20,1280.3,FX@KRW
2023-06-21,1292.0,FX@KRW
2023-06-22,1294.9,FX@KRW
2023-06-23,1304.2,FX@KRW
2023-06-26,1306.3,FX@KRW
2023-06-27,1300.3,FX@KRW
2023-06-28,1307.3,FX@KRW
2023-06-29,1317.6,FX@KRW
2023-06-30,1317.7,FX@KRW
2023-07-03,1308.0,FX@KRW
2023-07-04,1301.4,FX@KRW
2023-07-05,1298.6,FX@KRW
2023-07-06,1300.9,FX@KRW
2023-07-07,1305.0,FX@KRW
2023-07-10,1306.5,FX@KRW
2023-07-11,1293.7,FX@KRW
2023-07-12,1288.7,FX@KRW
2023-07-13,1274.0,FX@KRW
2023-07-14,1265.8,FX@KRW
2023-07-17,1266.6,FX@KRW
2023-07-18,1260.4,FX@KRW
2023-07-19,1265.6,FX@KRW
2023-07-20,1269.9,FX@KRW
2023-07-21,1283.4,FX@KRW
2023-07-24,1279.9,FX@KRW
2023-07-25,1275.4,FX@KRW
2023-07-26,1274.5,FX@KRW
2023-07-27,1277.7,FX@KRW
2023-07-28,1277.0,FX@KRW
2023-07-31,1274.6,FX@KRW
2023-08-01,1283.8,FX@KRW
2023-08-02,1298.5,FX@KRW
2023-08-03,1299.1,FX@KRW
2023-08-04,1309.8,FX@KRW
2023-08-07,1306.2,FX@KRW
2023-08-08,1315.7,FX@KRW
2023-08-09,1315.7,FX@KRW
2023-08-10,1316.0,FX@KRW
2023-08-11,1324.9,FX@KRW
2023-08-14,1330.9,FX@KRW
2023-08-16,1336.9,FX@KRW
2023-08-17,1342.0,FX@KRW
2023-08-18,1338.3,FX@KRW
2023-08-21,1342.6,FX@KRW
2023-08-22,1335.5,FX@KRW
2023-08-23,1339.7,FX@KRW
2023-08-24,1322.6,FX@KRW
2023-08-25,1325.2,FX@KRW
2023-08-28,1323.4,FX@KRW
2023-08-29,1321.9,FX@KRW
2023-08-30,1323.4,FX@KRW
2023-08-31,1321.8,FX@KRW
2023-09-01,1318.8,FX@KRW
2023-09-04,1319.8,FX@KRW
2023-09-05,1330.6,FX@KRW
2023-09-06,1330.5,FX@KRW
2023-09-07,1335.4,FX@KRW
2023-09-08,1333.4,FX@KRW
2023-09-11,1331.1,FX@KRW
2023-09-12,1327.8,FX@KRW
2023-09-13,1330.0,FX@KRW
2023-09-14,1325.7,FX@KRW
2023-09-15,1325.9,FX@KRW
2023-09-18,1324.4,FX@KRW
2023-09-19,1328.5,FX@KRW
2023-09-20,1330.1,FX@KRW
2023-09-21,1339.7,FX@KRW
2023-09-22,1336.8,FX@KRW
2023-09-25,1336.5,FX@KRW
2023-09-26,1348.5,FX@KRW
2023-09-27,1349.3,FX@KRW
2023-10-04,1363.5,FX@KRW
2023-10-05,1350.5,FX@KRW
2023-10-06,1349.9,FX@KRW
2023-10-10,1349.5,FX@KRW
2023-10-11,1338.7,FX@KRW
2023-10-12,1338.5,FX@KRW
2023-10-13,1350.0,FX@KRW
2023-10-16,1353.7,FX@KRW
2023-10-17,1353.6,FX@KRW
2023-10-18,1349.6,FX@KRW
2023-10-19,1357.4,FX@KRW
2023-10-20,1352.4,FX@KRW
2023-10-23,1353.7,FX@KRW
2023-10-24,1343.1,FX@KRW
2023-10-25,1349.7,FX@KRW
2023-10-26,1360.0,FX@KRW
2023-10-27,1355.9,FX@KRW
2023-10-30,1350.9,FX@KRW
2023-10-31,1350.5,FX@KRW
2023-11-01,1357.3,FX@KRW
2023-11-02,1342.9,FX@KRW
2023-11-03,1322.4,FX@KRW
2023-11-06,1297.3,FX@KRW
2023-11-07,1307.9,FX@KRW
2023-11-08,1310.6,FX@KRW
2023-11-09,1310.1,FX@KRW
2023-11-10,1316.8,FX@KRW
2023-11-13,1325.1,FX@KRW
2023-11-14,1328.9,FX@KRW
2023-11-15,1300.8,FX@KRW
2023-11-16,1296.9,FX@KRW
2023-11-17,1296.9,FX@KRW
2023-11-20,1291.6,FX@KRW
2023-11-21,1289.2,FX@KRW
2023-11-22,1300.5,FX@KRW
2023-11-23,1297.5,FX@KRW
2023-11-24,1306.4,FX@KRW
2023-11-27,1303.8,FX@KRW
2023-11-28,1293.7,FX@KRW
2023-11-29,1289.6,FX@KRW
2023-11-30,1290.0,FX@KRW
2023-12-01,1305.8,FX@KRW
2023-12-04,1304.0,FX@KRW
2023-12-05,1311.2,FX@KRW
2023-12-06,1313.1,FX@KRW
2023-12-07,1325.3,FX@KRW
2023-12-08,1306.8,FX@KRW
2023-12-11,1316.5,FX@KRW
2023-12-12,1314.0,FX@KRW
2023-12-13,1319.9,FX@KRW
2023-12-14,1295.4,FX@KRW
2023-12-15,1296.5,FX@KRW
2023-12-18,1297.2,FX@KRW
2023-12-19,1307.8,FX@KRW
2023-12-20,1298.9,FX@KRW
2023-12-21,1305.1,FX@KRW
2023-12-22,1303.0,FX@KRW
2023-12-26,1294.5,FX@KRW
2023-12-27,1294.2,FX@KRW
2023-12-28,1288.0,FX@KRW
2024-01-02,1300.4,FX@KRW
2024-01-03,1304.8,FX@KRW
2024-01-04,1310.0,FX@KRW
2024-01-05,1315.4,FX@KRW
2024-01-08,1316.0,FX@KRW
2024-01-09,1315.7,FX@KRW
2024-01-10,1320.1,FX@KRW
2024-01-11,1312.9,FX@KRW
2024-01-12,1313.5,FX@KRW
2024-01-15,1320.2,FX@KRW
2024-01-16,1331.8,FX@KRW
2024-01-17,1344.2,FX@KRW
2024-01-18,1339.7,FX@KRW
2024-01-19,1339.0,FX@KRW
2024-01-22,1338.9,FX@KRW
2024-01-23,1333.4,FX@KRW
2024-01-24,1337.0,FX@KRW
2024-01-25,1335.8,FX@KRW
2024-01-26,1336.3,FX@KRW
2024-01-29,1335.7,FX@KRW
2024-01-30,1329.4,FX@KRW
2024-01-31,1334.6,FX@KRW
2024-02-01,1331.8,FX@KRW
2024-02-02,1322.6,FX@KRW
2024-02-05,1330.8,FX@KRW
2024-02-06,1327.6,FX@KRW
2024-02-07,1327.8,FX@KRW
2024-02-08,1328.2,FX@KRW
2024-02-13,1328.1,FX@KRW
2024-02-14,1335.4,FX@KRW
2024-02-15,1334.0,FX@KRW
2024-02-16,1335.4,FX@KRW
2024-02-19,1335.2,FX@KRW
2024-02-20,1337.6,FX@KRW
2024-02-21,1334.7,FX@KRW
2024-02-22,1328.7,FX@KRW
2024-02-23,1331.0,FX@KRW
2024-02-26,1331.1,FX@KRW
2024-02-27,1331.0,FX@KRW
2024-02-28,1333.6,FX@KRW
2024-02-29,1331.5,FX@KRW
2024-03-04,1331.3,FX@KRW
2024-03-05,1334.5,FX@KRW
2024-03-06,1334.5,FX@KRW
2024-03-07,1330.9,FX@KRW
2024-03-08,1319.8,FX@KRW
2024-03-11,1310.3,FX@KRW
2024-03-12,1311.0,FX@KRW
2024-03-13,1314.5,FX@KRW
2024-03-14,1317.6,FX@KRW
2024-03-15,1330.5,FX@KRW
2024-03-18,1333.7,FX@KRW
2024-03-19,1339.8,FX@KRW
2024-03-20,1339.8,FX@KRW
2024-03-21,1322.4,FX@KRW
2024-03-22,1338.4,FX@KRW
2024-03-25,1342.1,FX@KRW
2024-03-26,1339.5,FX@KRW
2024-03-27,1348.7,FX@KRW
2024-03-28,1346.2,FX@KRW
2024-03-29,1347.2,FX@KRW
2024-04-01,1349.4,FX@KRW
2024-04-02,1352.1,FX@KRW
2024-04-03,1348.9,FX@KRW
2024-04-04,1347.1,FX@KRW
2024-04-05,1352.8,FX@KRW
2024-04-08,1353.2,FX@KRW
2024-04-09,1354.9,FX@KRW
2024-04-11,1364.1,FX@KRW
2024-04-12,1375.4,FX@KRW
2024-04-15,1384.0,FX@KRW
2024-04-16,1394.5,FX@KRW
2024-04-17,1386.8,FX@KRW
2024-04-18,1372.9,FX@KRW
2024-04-19,1382.2,FX@KRW
2024-04-22,1379.2,FX@KRW
2024-04-23,1378.3,FX@KRW
2024-04-24,1369.2,FX@KRW
2024-04-25,1375.0,FX@KRW
2024-04-26,1375.3,FX@KRW
2024-04-29,1377.0,FX@KRW
2024-04-30,1382.0,FX@KRW
2024-05-02,1375.9,FX@KRW
2024-05-03,1362.8,FX@KRW
2024-05-07,1360.1,FX@KRW
2024-05-08,1361.5,FX@KRW
2024-05-09,1370.1,FX@KRW
2024-05-10,1368.1,FX@KRW
2024-05-13,1368.2,FX@KRW
2024-05-14,1369.1,FX@KRW
2024-05-16,1345.0,FX@KRW
2024-05-17,1354.9,FX@KRW
2024-05-20,1355.9,FX@KRW
2024-05-21,1363.3,FX@KRW
2024-05-22,1362.9,FX@KRW
2024-05-23,1362.4,FX@KRW
2024-05-24,1369.5,FX@KRW
2024-05-27,1363.8,FX@KRW
2024-05-28,1358.5,FX@KRW
2024-05-29,1365.0,FX@KRW
2024-05-30,1379.4,FX@KRW
2024-05-31,1384.5,FX@KRW
2024-06-03,1376.1,FX@KRW
2024-06-04,1376.0,FX@KRW
2024-06-05,1373.0,FX@KRW
2024-06-07,1365.3,FX@KRW
2024-06-10,1376.0,FX@KRW
2024-06-11,1378.4,FX@KRW
2024-06-12,1376.2,FX@KRW
2024-06-13,1373.9,FX@KRW
2024-06-14,1379.3,FX@KRW
2024-06-17,1381.2,FX@KRW
2024-06-18,1381.1,FX@KRW
2024-06-19,1381.8,FX@KRW
2024-06-20,1384.7,FX@KRW
2024-06-21,1388.3,FX@KRW
2024-06-24,1389.0,FX@KRW
2024-06-25,1387.5,FX@KRW
2024-06-26,1388.7,FX@KRW
2024-06-27,1385.8,FX@KRW
2024-06-28,1376.7,FX@KRW
2024-07-01,1384.1,FX@KRW
2024-07-02,1386.9,FX@KRW
2024-07-03,1385.8,FX@KRW
2024-07-04,1381.0,FX@KRW
2024-07-05,1381.3,FX@KRW
2024-07-08,1383.1,FX@KRW
2024-07-09,1383.5,FX@KRW
2024-07-10,1384.0,FX@KRW
2024-07-11,1372.8,FX@KRW
2024-07-12,1375.8,FX@KRW
2024-07-15,1383.2,FX@KRW
2024-07-16,1385.0,FX@KRW
2024-07-17,1381.3,FX@KRW
2024-07-18,1383.4,FX@KRW
2024-07-19,1390.2,FX@KRW
2024-07-22,1388.2,FX@KRW
2024-07-23,1386.1,FX@KRW
2024-07-24,1379.9,FX@KRW
2024-07-25,1383.0,FX@KRW
2024-07-26,1383.8,FX@KRW
2024-07-29,1383.7,FX@KRW
2024-07-30,1384.6,FX@KRW
2024-07-31,1369.8,FX@KRW
2024-08-01,1369.8,FX@KRW
2024-08-02,1356.0,FX@KRW
2024-08-05,1370.0,FX@KRW
2024-08-06,1377.7,FX@KRW
2024-08-07,1373.6,FX@KRW
2024-08-08,1377.2,FX@KRW
2024-08-09,1364.4,FX@KRW
2024-08-12,1369.6,FX@KRW
2024-08-13,1366.5,FX@KRW
2024-08-14,1358.0,FX@KRW
2024-08-16,1351.3,FX@KRW
2024-08-19,1334.8,FX@KRW
2024-08-20,1332.5,FX@KRW
2024-08-21,1334.8,FX@KRW
2024-08-22,1343.5,FX@KRW
2024-08-23,1328.0,FX@KRW
2024-08-26,1329.8,FX@KRW
2024-08-27,1331.0,FX@KRW
2024-08-28,1337.0,FX@KRW
2024-08-29,1332.5,FX@KRW
2024-08-30,1337.5,FX@KRW
2024-09-02,1338.5,FX@KRW
2024-09-03,1345.4,FX@KRW
2024-09-04,1336.0,FX@KRW
2024-09-05,1333.5,FX@KRW
2024-09-06,1339.9,FX@KRW
2024-09-09,1341.0,FX@KRW
2024-09-10,1344.2,FX@KRW
2024-09-11,1341.5,FX@KRW
2024-09-12,1341.6,FX@KRW
2024-09-13,1329.6,FX@KRW
2024-09-19,1329.2,FX@KRW
2024-09-20,1333.0,FX@KRW
2024-09-23,1334.8,FX@KRW
2024-09-24,1330.4,FX@KRW
2024-09-25,1336.1,FX@KRW
2024-09-26,1318.0,FX@KRW
2024-09-27,1310.1,FX@KRW
2024-09-30,1316.8,FX@KRW
2024-10-02,1323.0,FX@KRW
2024-10-04,1349.3,FX@KRW
2024-10-07,1344.5,FX@KRW
2024-10-08,1346.0,FX@KRW
2024-10-10,1355.2,FX@KRW
2024-10-11,1351.3,FX@KRW
2024-10-14,1358.6,FX@KRW
2024-10-15,1366.3,FX@KRW
2024-10-16,1364.5,FX@KRW
2024-10-17,1372.7,FX@KRW
2024-10-18,1369.3,FX@KRW
2024-10-21,1378.8,FX@KRW
2024-10-22,1379.6,FX@KRW
2024-10-23,1381.6,FX@KRW
2024-10-24,1382.3,FX@KRW
2024-10-25,1389.2,FX@KRW
2024-10-28,1385.7,FX@KRW
2024-10-29,1382.2,FX@KRW
2024-10-30,1379.8,FX@KRW
2024-10-31,1377.0,FX@KRW
2024-11-01,1378.3,FX@KRW
2024-11-04,1374.5,FX@KRW
2024-11-05,1379.3,FX@KRW
2024-11-06,1399.3,FX@KRW
2024-11-07,1386.0,FX@KRW
2024-11-08,1397.0,FX@KRW
2024-11-11,1401.0,FX@KRW
2024-11-12,1409.9,FX@KRW
2024-11-13,1397.5,FX@KRW
2024-11-14,1402.5,FX@KRW
2024-11-15,1399.5,FX@KRW
2024-11-18,1393.5,FX@KRW
2024-11-19,1393.0,FX@KRW
2024-11-20,1400.9,FX@KRW
2024-11-21,1402.0,FX@KRW
2024-11-22,1406.4,FX@KRW
2024-11-25,1399.0,FX@KRW
2024-11-26,1396.1,FX@KRW
2024-11-27,1392.8,FX@KRW
2024-11-28,1394.5,FX@KRW
2024-11-29,1396.5,FX@KRW
2024-12-02,1401.7,FX@KRW
2024-12-03,1425.0,FX@KRW
2024-12-04,1413.6,FX@KRW
2024-12-05,1417.3,FX@KRW
2024-12-06,1423.0,FX@KRW
2024-12-09,1435.0,FX@KRW
2024-12-10,1432.8,FX@KRW
2024-12-11,1430.9,FX@KRW
2024-12-12,1430.5,FX@KRW
2024-12-13,1435.2,FX@KRW
2024-12-16,1436.0,FX@KRW
2024-12-17,1437.1,FX@KRW
2024-12-18,1439.1,FX@KRW
2024-12-19,1447.3,FX@KRW
2024-12-20,1448.5,FX@KRW
2024-12-23,1450.9,FX@KRW
2024-12-24,1457.5,FX@KRW
2024-12-26,1469.6,FX@KRW
2024-12-27,1470.5,FX@KRW
2024-12-30,1472.3,FX@KRW
2025-01-02,1469.1,FX@KRW
2025-01-03,1469.7,FX@KRW
2025-01-06,1460.0,FX@KRW
2025-01-07,1453.0,FX@KRW
2025-01-08,1459.6,FX@KRW
2025-01-09,1460.0,FX@KRW
2025-01-10,1472.0,FX@KRW
2025-01-13,1467.5,FX@KRW
2025-01-14,1462.0,FX@KRW
2025-01-15,1454.7,FX@KRW
2025-01-16,1457.5,FX@KRW
2025-01-17,1458.5,FX@KRW
2025-01-20,1440.0,FX@KRW
2025-01-21,1435.5,FX@KRW
2025-01-22,1436.2,FX@KRW
2025-01-23,1434.0,FX@KRW
2025-01-24,1431.4,FX@KRW
2025-01-31,1453.5,FX@KRW
2025-02-03,1462.0,FX@KRW
2025-02-04,1451.5,FX@KRW
2025-02-05,1443.9,FX@KRW
2025-02-06,1447.5,FX@KRW
2025-02-07,1454.0,FX@KRW
2025-02-10,1451.3,FX@KRW
2025-02-11,1452.2,FX@KRW
2025-02-12,1456.0,FX@KRW
2025-02-13,1446.6,FX@KRW
2025-02-14,1441.9,FX@KRW
2025-02-17,1442.0,FX@KRW
2025-02-18,1439.5,FX@KRW
2025-02-19,1441.4,FX@KRW
2025-02-20,1436.0,FX@KRW
2025-02-21,1433.8,FX@KRW
2025-02-24,1430.5,FX@KRW
2025-02-25,1434.4,FX@KRW
2025-02-26,1433.8,FX@KRW
2025-02-27,1445.3,FX@KRW
2025-02-28,1460.0,FX@KRW
2025-03-04,1460.3,FX@KRW
2025-03-05,1450.0,FX@KRW
2025-03-06,1445.8,FX@KRW
2025-03-07,1449.5,FX@KRW
2025-03-10,1455.5,FX@KRW
2025-03-11,1455.0,FX@KRW
2025-03-12,1452.6,FX@KRW
2025-03-13,1457.0,FX@KRW
2025-03-14,1453.0,FX@KRW
2025-03-17,1445.1,FX@KRW
2025-03-18,1451.1,FX@KRW
2025-03-19,1463.0,FX@KRW
2025-03-20,1466.7,FX@KRW
2025-03-21,1467.0,FX@KRW
2025-03-24,1469.7,FX@KRW
2025-03-25,1463.5,FX@KRW
2025-03-26,1467.3,FX@KRW
2025-03-27,1464.7,FX@KRW
2025-03-28,1469.9,FX@KRW
2025-03-31,1473.7,FX@KRW
2025-04-01,1471.6,FX@KRW
2025-04-02,1462.5,FX@KRW
2025-04-03,1453.5,FX@KRW
2025-04-04,1461.0,FX@KRW
2025-04-07,1472.0,FX@KRW
2025-04-08,1479.0,FX@KRW
2025-04-09,1472.0,FX@KRW
2025-04-10,1455.5,FX@KRW
2025-04-11,1421.0,FX@KRW
2025-04-14,1422.5,FX@KRW
2025-04-15,1427.2,FX@KRW
2025-04-16,1415.8,FX@KRW
2025-04-17,1416.6,FX@KRW
2025-04-18,1423.6,FX@KRW
2025-04-21,1421.5,FX@KRW
2025-04-22,1424.0,FX@KRW
2025-04-23,1427.2,FX@KRW
2025-04-24,1432.8,FX@KRW
2025-04-25,1439.8,FX@KRW
2025-04-28,1436.8,FX@KRW
2025-04-29,1432.0,FX@KRW
2025-04-30,1426.9,FX@KRW
2025-05-02,1401.5,FX@KRW
2025-05-07,1394.0,FX@KRW
2025-05-08,1406.9,FX@KRW
2025-05-09,1399.8,FX@KRW
2025-05-12,1417.0,FX@KRW
2025-05-13,1416.3,FX@KRW
2025-05-14,1404.5,FX@KRW
2025-05-15,1398.0,FX@KRW
2025-05-16,1400.0,FX@KRW
2025-05-19,1388.7,FX@KRW
2025-05-20,1394.4,FX@KRW
2025-05-21,1371.8,FX@KRW
2025-05-22,1382.7,FX@KRW
2025-05-23,1366.5,FX@KRW
2025-05-26,1370.5,FX@KRW
2025-05-27,1376.5,FX@KRW
2025-05-28,1376.0,FX@KRW
2025-05-29,1371.1,FX@KRW
2025-05-30,1383.1,FX@KRW
2025-06-02,1377.1,FX@KRW
2025-06-04,1364.1,FX@KRW
2025-06-05,1356.5,FX@KRW
2025-06-09,1354.2,FX@KRW
2025-06-10,1368.0,FX@KRW
2025-06-11,1370.9,FX@KRW
2025-06-12,1357.1,FX@KRW
2025-06-13,1363.5,FX@KRW
2025-06-16,1358.1,FX@KRW
2025-06-17,1374.0,FX@KRW
2025-06-18,1372.3,FX@KRW
2025-06-19,1379.8,FX@KRW
2025-06-20,1374.0,FX@KRW
2025-06-23,1382.0,FX@KRW
2025-06-24,1361.4,FX@KRW
2025-06-25,1361.2,FX@KRW
2025-06-26,1352.9,FX@KRW
2025-06-27,1361.3,FX@KRW
2025-06-30,1355.3,FX@KRW
2025-07-01,1359.0,FX@KRW
2025-07-02,1355.5,FX@KRW
2025-07-03,1365.5,FX@KRW
2025-07-04,1362.5,FX@KRW
2025-07-07,1377.0,FX@KRW
2025-07-08,1373.2,FX@KRW
2025-07-09,1375.2,FX@KRW
2025-07-10,1373.9,FX@KRW
2025-07-11,1375.8,FX@KRW
2025-07-14,1383.0,FX@KRW
2025-07-15,1388.2,FX@KRW
2025-07-16,1387.0,FX@KRW
2025-07-17,1392.2,FX@KRW
2025-07-18,1391.6,FX@KRW
2025-07-21,1382.2,FX@KRW
2025-07-22,1381.0,FX@KRW
2025-07-23,1375.8,FX@KRW
2025-07-24,1371.3,FX@KRW
2025-07-25,1383.7,FX@KRW
2025-07-28,1389.1,FX@KRW
2025-07-29,1389.7,FX@KRW
2025-07-30,1391.9,FX@KRW
2025-07-31,1392.0,FX@KRW
2025-08-01,1388.3,FX@KRW
2025-08-04,1386.5,FX@KRW
2025-08-05,1386.3,FX@KRW
2025-08-06,1386.4,FX@KRW
2025-08-07,1386.0,FX@KRW
2025-08-08,1387.5,FX@KRW
2025-08-11,1390.5,FX@KRW
2025-08-12,1384.4,FX@KRW
2025-08-13,1379.4,FX@KRW
2025-08-14,1389.5,FX@KRW
2025-08-18,1388.1,FX@KRW
2025-08-19,1392.0,FX@KRW
2025-08-20,1397.2,FX@KRW
2025-08-21,1398.8,FX@KRW
2025-08-22,1383.5,FX@KRW
2025-08-25,1390.3,FX@KRW
2025-08-26,1393.6,FX@KRW
2025-08-27,1394.2,FX@KRW
2025-08-28,1385.3,FX@KRW
2025-08-29,1389.8,FX@KRW
2025-09-01,1394.0,FX@KRW
2025-09-02,1395.9,FX@KRW
2025-09-03,1389.7,FX@KRW
2025-09-04,1395.3,FX@KRW
2025-09-05,1388.4,FX@KRW
2025-09-08,1387.0,FX@KRW
2025-09-09,1387.8,FX@KRW
2025-09-10,1388.5,FX@KRW
2025-09-11,1390.7,FX@KRW
2025-09-12,1395.4,FX@KRW
2025-09-15,1386.6,FX@KRW
2025-09-16,1379.5,FX@KRW
2025-09-17,1376.3,FX@KRW
2025-09-18,1389.0,FX@KRW
2025-09-19,1397.0,FX@KRW
2025-09-22,1391.5,FX@KRW
2025-09-23,1394.0,FX@KRW
2025-09-24,1403.8,FX@KRW
2025-09-25,1409.3,FX@KRW
2025-09-26,1409.7,FX@KRW
2025-09-29,1400.4,FX@KRW
2025-09-30,1405.0,FX@KRW
2025-10-01,1403.0,FX@KRW
2025-10-02,1407.0,FX@KRW
2025-10-10,1427.0,FX@KRW
2025-10-13,1424.5,FX@KRW
2025-10-14,1428.6,FX@KRW
2025-10-15,1422.6,FX@KRW
2025-10-16,1417.9,FX@KRW
2025-10-17,1422.2,FX@KRW
2025-10-20,1420.8,FX@KRW
2025-10-21,1432.0,FX@KRW
2025-10-22,1431.0,FX@KRW
2025-10-23,1437.4,FX@KRW
2025-10-24,1439.4,FX@KRW
2025-10-27,1433.4,FX@KRW
2025-10-28,1432.7,FX@KRW
2025-10-29,1421.0,FX@KRW
2025-10-30,1435.0,FX@KRW
2025-10-31,1433.0,FX@KRW
2025-11-03,1431.3,FX@KRW
2025-11-04,1440.6,FX@KRW
2025-11-05,1441.8,FX@KRW
2025-11-06,1449.3,FX@KRW
2025-11-07,1461.5,FX@KRW
2025-11-10,1456.8,FX@KRW
2025-11-11,1463.4,FX@KRW
2025-11-12,1468.9,FX@KRW
2025-11-13,1466.0,FX@KRW
2025-11-14,1453.1,FX@KRW
2025-11-17,1460.4,FX@KRW
2025-11-18,1461.9,FX@KRW
2025-11-19,1468.5,FX@KRW
2025-11-20,1472.2,FX@KRW
2025-11-21,1471.5,FX@KRW
2025-11-24,1476.5,FX@KRW
2025-11-25,1469.3,FX@KRW
2025-11-26,1468.3,FX@KRW
2025-11-27,1462.7,FX@KRW
2025-11-28,1466.8,FX@KRW
2025-12-01,1468.0,FX@KRW
2025-12-02,1468.5,FX@KRW
2025-12-03,1466.9,FX@KRW
2025-12-04,1473.6,FX@KRW
2025-12-05,1473.3,FX@KRW
2025-12-08,1469.8,FX@KRW
2025-12-09,1469.9,FX@KRW
2025-12-10,1470.8,FX@KRW
2025-12-11,1471.9,FX@KRW
2025-12-12,1477.0,FX@KRW
2025-12-15,1468.6,FX@KRW
2025-12-16,1473.0,FX@KRW
2025-12-17,1474.5,FX@KRW
2025-12-18,1473.1,FX@KRW
2025-12-19,1478.0,FX@KRW
2025-12-22,1481.0,FX@KRW
2025-12-23,1481.0,FX@KRW
2025-12-24,1445.7,FX@KRW
2025-12-26,1442.2,FX@KRW
2025-12-29,1434.1,FX@KRW
2025-12-30,1439.5,FX@KRW
2026-01-02,1444.7,FX@KRW
2026-01-05,1445.6,FX@KRW
2026-01-06,1447.1,FX@KRW
2026-01-07,1447.6,FX@KRW
2026-01-08,1451.8,FX@KRW
2026-01-09,1459.0,FX@KRW
2026-01-12,1468.0,FX@KRW
2026-01-13,1478.8,FX@KRW
2026-01-14,1464.0,FX@KRW
2026-01-15,1469.2,FX@KRW
2026-01-16,1473.9,FX@KRW
2026-01-19,1473.4,FX@KRW
2026-01-20,1476.7,FX@KRW
2026-01-21,1465.9,FX@KRW
2026-01-22,1464.5,FX@KRW
2026-01-23,1462.5,FX@KRW
2026-01-26,1443.9,FX@KRW
2026-01-27,1437.5,FX@KRW
2026-01-28,1436.1,FX@KRW
2026-01-29,1434.0,FX@KRW
2026-01-30,1443.5,FX@KRW
2026-02-02,1451.5,FX@KRW
2026-02-03,1446.6,FX@KRW
2026-02-04,1459.5,FX@KRW
2026-02-05,1463.7,FX@KRW
2026-02-06,1463.0,FX@KRW
2026-02-09,1457.7,FX@KRW
2026-02-10,1457.2,FX@KRW
2026-02-11,1447.0,FX@KRW
2026-02-12,1438.6,FX@KRW
2026-02-13,1444.6,FX@KRW
2026-02-19,1448.9,FX@KRW
2026-02-20,1446.6,FX@KRW
2026-02-23,1442.9,FX@KRW
2026-02-24,1441.0,FX@KRW
2026-02-25,1427.8,FX@KRW
2026-02-26,1433.4,FX@KRW
2026-02-27,1440.0,FX@KRW
2026-03-03,1485.7,FX@KRW
2026-03-04,1462.9,FX@KRW
2026-03-05,1482.2,FX@KRW
2026-03-06,1481.6,FX@KRW
2026-03-09,1473.7,FX@KRW
2026-03-10,1467.5,FX@KRW
2026-03-11,1477.0,FX@KRW
2026-03-12,1488.5,FX@KRW
2026-03-13,1497.5,FX@KRW
2026-03-16,1491.9,FX@KRW
2026-03-17,1488.4,FX@KRW
2026-03-18,1500.7,FX@KRW
2026-03-19,1495.0,FX@KRW
2026-03-20,1504.7,FX@KRW
2026-03-23,1486.7,FX@KRW
2026-03-24,1499.9,FX@KRW
2026-03-25,1501.7,FX@KRW
2026-03-26,1508.0,FX@KRW
2026-03-27,1511.4,FX@KRW
2026-03-30,1518.2,FX@KRW
2026-03-31,1517.0,FX@KRW
2026-04-01,1513.3,FX@KRW
2026-04-02,1510.6,FX@KRW
2026-04-03,1511.4,FX@KRW
2026-04-06,1509.8,FX@KRW
2026-04-07,1501.0,FX@KRW
2026-04-08,1479.2,FX@KRW
2026-04-09,1474.7,FX@KRW
2026-04-10,1483.5,FX@KRW
2026-04-13,1482.7,FX@KRW
2026-04-14,1472.7,FX@KRW
2026-04-15,1475.5,FX@KRW
2026-04-16,1479.2,FX@KRW
2026-04-17,1460.0,FX@KRW
2026-04-20,1472.8,FX@KRW
2026-04-21,1479.7,FX@KRW
2026-04-22,1480.3,FX@KRW
2026-04-23,1479.7,FX@KRW
2026-04-24,1476.8,FX@KRW
2026-04-27,1473.6,FX@KRW
2026-04-28,1473.2,FX@KRW
2026-04-29,1488.5,FX@KRW
2026-04-30,1477.5,FX@KRW
2026-05-04,1476.5,FX@KRW
2026-05-06,1449.4,FX@KRW
2026-05-07,1456.0,FX@KRW
2026-05-08,1462.3,FX@KRW
2026-05-11,1472.7,FX@KRW
2026-05-12,1490.9,FX@KRW
2026-05-13,1489.3,FX@KRW
2026-05-14,1493.4,FX@KRW
2026-05-15,1497.5,FX@KRW
2026-05-18,1492.9,FX@KRW
2026-05-19,1508.7,FX@KRW
2026-05-20,1496.7,FX@KRW
2026-05-21,1508.0,FX@KRW
2026-05-22,1517.6,FX@KRW
2026-05-26,1507.2,FX@KRW
2026-05-27,1499.4,FX@KRW
2026-05-28,1494.7,FX@KRW
2026-05-29,1504.8,FX@KRW
2026-06-01,1512.9,FX@KRW
2026-06-02,1519.0,FX@KRW
2026-06-04,1532.0,FX@KRW
2026-06-05,1559.0,FX@KRW
2026-06-08,1526.5,FX@KRW
2026-06-09,1532.7,FX@KRW
2026-06-10,1520.2,FX@KRW
2026-06-11,1531.6,FX@KRW
2026-06-12,1518.3,FX@KRW
2026-06-15,1515.2,FX@KRW
2026-06-16,1508.3,FX@KRW
2026-06-17,1515.5,FX@KRW
2026-06-18,1540.0,FX@KRW
2026-06-19,1531.0,FX@KRW
2026-06-22,1538.9,FX@KRW
2026-06-23,1533.1,FX@KRW
2026-06-24,1542.7,FX@KRW
2026-06-25,1543.1,FX@KRW
2026-06-26,1535.8,FX@KRW
2026-06-29,1543.0,FX@KRW
2026-06-30,1549.5,FX@KRW
2026-07-01,1551.2,FX@KRW
2026-07-02,1540.0,FX@KRW
2026-07-03,1530.0,FX@KRW
2026-07-06,1530.0,FX@KRW
2026-07-07,1515.8,FX@KRW
2026-07-08,1502.4,FX@KRW
2026-07-09,1509.5,FX@KRW
2026-07-10,1498.5,FX@KRW
2026-07-13,1497.5,FX@KRW
2026-07-14,1490.5,FX@KRW
2026-07-15,1487.0,FX@KRW
2026-07-16,1482.0,FX@KRW
2026-07-17,1486.0,FX@KRW
2026-07-20,1477.9,FX@KRW
2026-07-21,1482.0,FX@KRW
2026-07-22,1477.5,FX@KRW
2026-07-23,1474.2,FX@KRW
2026-07-24,1458.5,FX@KRW
2026-07-27,1465.2,FX@KRW
2026-07-28,1454.1,FX@KRW
2026-07-29,1446.5,FX@KRW
2026-07-30,1418.0,FX@KRW
2026-07-31,1435.5,FX@KRW
2026-08-03,1429.5,FX@KRW
2026-08-04,1429.0,FX@KRW
2026-08-05,1422.5,FX@KRW
2026-08-06,1424.1,FX@KRW
2026-08-07,1409.5,FX@KRW
2026-08-10,1418.3,FX@KRW
2026-08-11,1413.0,FX@KRW
2026-08-12,1418.5,FX@KRW
2026-08-13,1418.6,FX@KRW
2026-08-14,1416.1,FX@KRW
2026-08-17,1415.6,FX@KRW
2026-08-18,1412.5,FX@KRW
2026-08-19,1389.1,FX@KRW
2026-08-20,1396.0,FX@KRW
2026-08-21,1386.0,FX@KRW
2026-08-24,1383.2,FX@KRW
2026-08-25,1382.7,FX@KRW
2026-08-26,1386.3,FX@KRW
2026-08-27,1381.5,FX@KRW
2026-08-28,1379.5,FX@KRW
2026-08-31,1368.0,FX@KRW
2026-09-01,1375.0,FX@KRW
2026-09-02,1359.2,FX@KRW
2026-09-03,1357.5,FX@KRW
2026-09-04,1350.1,FX@KRW
