date,open,high,low,close,volume,exchange
2021-09-07,71.0438,71.119,70.7525,71.0049,1283770.0,AMS
2021-09-08,70.971,70.971,70.3569,70.7938,1276075.0,AMS
2021-09-09,70.8447,71.1166,70.5025,70.5219,1086362.0,AMS
2021-09-10,70.8763,71.0001,69.9224,69.9685,842365.0,AMS
2021-09-13,70.4078,70.4465,69.4879,69.8447,2198562.0,AMS
2021-09-14,70.0802,70.2112,69.5535,69.6894,1630903.0,AMS
2021-09-15,69.8108,70.3156,69.4054,70.2404,2756275.0,AMS
2021-09-16,70.0316,70.4345,69.7064,70.3302,1223237.0,AMS
2021-09-17,70.2064,70.2986,69.42,69.5195,2857100.0,AMS
2021-09-20,68.4467,68.7816,67.3714,68.2064,1312044.0,AMS
2021-09-21,68.6214,68.8836,68.1627,68.3811,1293094.0,AMS
2021-09-22,68.6166,69.2768,68.3909,69.0219,1422416.0,AMS
2021-09-23,69.2986,69.9248,69.2355,69.7137,1978583.0,AMS
2021-09-24,69.3145,69.8614,69.2926,69.7836,1126641.0,AMS
2021-09-27,69.2658,69.3825,68.8696,69.1856,4785565.0,AMS
2021-09-28,68.3785,68.4794,67.1289,67.2213,4000859.0,AMS
2021-09-29,67.5811,67.851,67.0536,67.1605,1592684.0,AMS
2021-09-30,67.4279,67.6735,66.6111,66.6208,2579312.0,AMS
2021-10-01,66.8421,67.5544,66.1735,67.3331,2475662.0,AMS
2021-10-04,67.0317,67.0645,65.4345,65.8794,1933036.0,AMS
2021-10-05,66.1249,67.1338,66.0471,66.7229,1406490.0,AMS
2021-10-06,66.1273,67.197,65.9499,67.1581,2559828.0,AMS
2021-10-07,67.7634,68.3177,67.7124,67.868,1336083.0,AMS
2021-10-08,68.06,68.0654,67.5009,67.5738,1131447.0,AMS
2021-10-11,67.3696,68.0017,67.1484,67.1557,1195592.0,AMS
2021-10-12,67.4401,67.5276,67.0074,67.1387,1002139.0,AMS
2021-10-13,67.4474,67.7391,67.107,67.6224,1301119.0,AMS
2021-10-14,68.2569,68.8477,68.1767,68.782,1057798.0,AMS
2021-10-15,69.1297,69.3473,68.9376,69.3363,1305374.0,AMS
2021-10-18,69.0616,70.017,69.0203,69.9806,2180234.0,AMS
2021-10-19,70.2528,70.5421,70.1313,70.4862,981999.0,AMS
2021-10-20,70.5879,70.6661,70.1459,70.3938,894736.0,AMS
2021-10-21,70.248,70.97,70.1994,70.919,660762.0,AMS
2021-10-22,70.7609,70.9676,70.2407,70.564,1860595.0,AMS
2021-10-25,70.7901,71.2982,70.4425,71.1402,2623005.0,AMS
2021-10-26,71.5632,71.8671,71.077,71.2447,1340596.0,AMS
2021-10-27,71.3857,71.8865,71.2593,71.269,1009111.0,AMS
2021-10-28,71.6264,72.0859,71.5024,72.0688,951071.0,AMS
2021-10-29,71.4441,72.4481,71.4149,72.4457,1322722.0,AMS
2021-11-01,72.5721,72.5721,72.0786,72.4408,1678565.0,AMS
2021-11-02,72.4408,72.7982,72.3606,72.7106,1495803.0,AMS
2021-11-03,72.7763,73.3427,72.4724,73.2892,1068807.0,AMS
2021-11-04,73.4764,74.1729,73.3792,74.0988,2643347.0,AMS
2021-11-05,74.4148,74.5753,73.9213,74.179,1131048.0,AMS
2021-11-08,74.2763,74.4537,74.1425,74.2398,1383058.0,AMS
2021-11-09,74.427,74.4707,73.6369,73.8776,2150045.0,AMS
2021-11-10,73.4327,73.8605,72.4408,72.8006,3513336.0,AMS
2021-11-11,73.2941,73.3208,72.8881,72.91,1013608.0,AMS
2021-11-12,73.1896,73.8532,72.9538,73.7876,1216211.0,AMS
2021-11-15,74.0088,74.0984,73.4181,73.7317,2398749.0,AMS
2021-11-16,73.6782,74.5437,73.6612,74.4464,1092297.0,AMS
2021-11-17,74.4318,74.6288,74.1863,74.2908,1382323.0,AMS
2021-11-18,74.6798,74.9691,74.2106,74.8694,1847721.0,AMS
2021-11-19,75.1368,75.4772,74.9667,75.1344,2422158.0,AMS
2021-11-22,75.4261,75.837,74.162,74.196,2090475.0,AMS
2021-11-23,74.0672,74.3249,73.0315,73.8362,1933123.0,AMS
2021-11-24,73.4594,74.3079,73.0534,74.303,1168545.0,AMS
2021-11-26,73.4473,73.8905,72.4943,72.6669,1260904.0,AMS
2021-11-29,73.5688,74.2835,73.3841,74.038,1149604.0,AMS
2021-11-30,73.7584,74.2325,72.628,72.9027,1606179.0,AMS
2021-12-01,73.705,74.0303,71.4951,71.5535,1991570.0,AMS
2021-12-02,71.3468,72.6256,71.2326,72.3436,2454419.0,AMS
2021-12-03,72.5478,72.7709,70.3379,71.1353,1702062.0,AMS
2021-12-06,71.286,72.0688,70.5737,71.7893,1959297.0,AMS
2021-12-07,73.0632,74.0307,72.9987,73.9019,1999927.0,AMS
2021-12-08,74.0477,74.4489,73.6381,74.3784,1821005.0,AMS
2021-12-09,74.2374,74.524,73.4327,73.4886,1939042.0,AMS
2021-12-10,73.9554,74.3079,73.4643,74.2106,2427187.0,AMS
2021-12-13,74.1548,74.3228,73.2408,73.3053,1775197.0,AMS
2021-12-14,72.4995,72.8817,71.6451,72.4168,2509645.0,AMS
2021-12-15,72.3851,73.9905,71.6987,73.9479,2187125.0,AMS
2021-12-16,74.1329,74.2449,71.9568,72.3023,2483121.0,AMS
2021-12-17,71.6816,72.6529,71.3043,71.9689,2004431.0,AMS
2021-12-20,71.0755,71.3019,70.5667,71.0877,3825167.0,AMS
2021-12-21,71.6889,72.777,71.1499,72.7332,2065497.0,AMS
2021-12-22,72.7697,73.6899,72.6651,73.6461,2530580.0,AMS
2021-12-23,73.7945,74.4542,73.6899,74.2327,1345105.0,AMS
2021-12-27,74.4396,75.3476,74.4311,75.3452,2284127.0,AMS
2021-12-28,75.4425,75.5464,74.8691,75.0165,1799121.0,AMS
2021-12-29,75.019,75.26,74.6246,75.0555,1320874.0,AMS
2021-12-30,74.9922,75.3841,74.705,74.7658,1949142.0,AMS
2021-12-31,74.6344,74.8997,74.3666,74.3885,1780142.0,AMS
2022-01-03,74.6514,74.9922,74.1524,74.9216,4148391.0,AMS
2022-01-04,75.0019,75.0676,73.5365,74.1451,2301222.0,AMS
2022-01-05,73.8262,73.8262,71.7376,71.779,3752420.0,AMS
2022-01-06,71.4114,72.1393,70.9014,71.5794,2994904.0,AMS
2022-01-07,71.5818,71.8739,70.5667,70.7907,2509212.0,AMS
2022-01-10,69.8437,70.786,68.724,70.7493,4960827.0,AMS
2022-01-11,70.5935,71.5745,70.1286,71.5575,2266511.0,AMS
2022-01-12,71.9591,72.3681,71.4528,71.7912,2552038.0,AMS
2022-01-13,72.0614,72.1222,69.8584,70.002,2098822.0,AMS
2022-01-14,69.5395,70.3111,69.2887,70.1797,3195088.0,AMS
2022-01-18,69.1402,69.4689,68.4319,68.556,3390367.0,AMS
2022-01-19,68.8993,69.3595,67.7649,67.816,2355316.0,AMS
2022-01-20,68.3369,69.1743,66.8593,66.9738,3124492.0,AMS
2022-01-21,66.5964,67.1321,65.2187,65.226,4374870.0,AMS
2022-01-24,63.9869,65.8151,62.0736,65.7469,4947772.0,AMS
2022-01-25,64.5541,65.4012,63.5999,64.2717,2614962.0,AMS
2022-01-26,65.8053,66.448,63.5634,64.3034,2814023.0,AMS
2022-01-27,65.1286,65.5862,63.5828,63.7532,3799665.0,AMS
2022-01-28,64.2863,66.0171,63.3151,65.9952,3608066.0,AMS
2022-01-31,66.1242,68.0156,65.9173,67.9304,4564150.0,AMS
2022-02-01,68.1337,68.5633,67.3413,68.4587,2734433.0,AMS
2022-02-02,69.1597,69.2595,68.2274,68.9285,1936386.0,AMS
2022-02-03,67.2172,67.8228,66.2118,66.409,1482489.0,AMS
2022-02-04,66.6062,67.8793,66.2264,67.2099,2226128.0,AMS
2022-02-07,67.3292,67.7819,66.5161,66.7522,1491536.0,AMS
2022-02-08,66.5015,67.614,66.2909,67.4484,2219466.0,AMS
2022-02-09,68.2201,68.8068,68.1227,68.78,2253117.0,AMS
2022-02-10,67.5969,68.8043,66.9957,67.3851,1311056.0,AMS
2022-02-11,67.3876,67.7162,65.1627,65.4134,1776806.0,AMS
2022-02-14,65.2479,66.0462,64.8146,65.4621,1863858.0,AMS
2022-02-15,66.3749,66.9811,66.2313,66.9397,1824263.0,AMS
2022-02-16,66.4504,67.1125,65.8735,66.9056,2363364.0,AMS
2022-02-17,66.3749,66.4114,64.8852,64.9777,1627654.0,AMS
2022-02-18,65.1675,65.2795,63.8774,64.2766,2813215.0,AMS
2022-02-22,63.8092,64.5638,62.8039,63.4197,2227088.0,AMS
2022-02-23,63.8871,64.1549,61.8083,61.8716,3302024.0,AMS
2022-02-24,59.7197,63.9528,59.6393,63.8725,4647823.0,AMS
2022-02-25,64.0186,64.9631,63.3516,64.9533,2423887.0,AMS
2022-02-28,64.3788,65.3793,64.1038,65.1018,3350987.0,AMS
2022-03-01,64.9168,65.2552,63.6583,64.1403,2086608.0,AMS
2022-03-02,64.4713,65.4207,63.9748,65.1943,1887421.0,AMS
2022-03-03,65.5497,65.6495,63.9577,64.2644,1992277.0,AMS
2022-03-04,63.8774,64.0526,62.7503,63.3102,2220342.0,AMS
2022-03-07,63.3589,63.4806,60.7883,60.8346,2535270.0,AMS
2022-03-08,60.6033,62.2975,59.9655,60.4938,3552383.0,AMS
2022-03-09,62.0809,63.0181,61.6622,62.7649,2148091.0,AMS
2022-03-10,62.0493,62.4412,61.3823,62.2708,1343042.0,AMS
2022-03-11,62.7771,62.8355,60.9709,61.0536,1636756.0,AMS
2022-03-14,60.9271,61.5064,59.9095,60.0337,1842839.0,AMS
2022-03-15,60.5814,62.0079,60.282,61.8886,5279798.0,AMS
2022-03-16,62.5775,63.9188,61.8302,63.9188,1999620.0,AMS
2022-03-17,63.5049,64.8243,63.3905,64.7561,2549610.0,AMS
2022-03-18,64.6174,66.1851,64.3983,66.1534,2945923.0,AMS
2022-03-21,65.9002,66.3941,65.1386,65.9368,1952678.0,AMS
2022-03-22,65.983,67.2561,65.983,67.0736,1208267.0,AMS
2022-03-23,66.4626,67.1218,66.1096,66.1096,1087530.0,AMS
2022-03-24,66.5003,67.3585,66.0396,67.3463,1648147.0,AMS
2022-03-25,67.3463,67.5315,66.5271,67.2609,1164447.0,AMS
2022-03-28,67.2756,68.2946,67.0915,68.2897,2420332.0,AMS
2022-03-29,68.9894,69.6647,68.5652,69.5135,1601180.0,AMS
2022-03-30,69.2112,69.3697,68.4043,68.7237,1779189.0,AMS
2022-03-31,68.7017,68.7871,67.6096,67.6827,5158030.0,AMS
2022-04-01,67.9631,68.0216,67.2609,67.8338,2454940.0,AMS
2022-04-04,67.9704,69.0601,67.9045,69.043,1846203.0,AMS
2022-04-05,68.7773,68.9163,67.5204,67.7144,2241924.0,AMS
2022-04-06,66.7027,66.8392,65.6641,66.2127,2492158.0,AMS
2022-04-07,66.0347,66.8343,65.4715,66.4467,1689055.0,AMS
2022-04-08,66.1932,66.415,65.5642,65.73,1971835.0,AMS
2022-04-11,65.001,65.0742,64.1795,64.2355,1984605.0,AMS
2022-04-12,65.079,65.4935,63.7382,64.0064,1986712.0,AMS
2022-04-13,64.0064,65.2741,63.8845,65.101,1143924.0,AMS
2022-04-14,65.1034,65.2448,63.8187,63.843,1888650.0,AMS
2022-04-18,63.6334,64.1819,63.2604,63.7602,2192440.0,AMS
2022-04-19,63.6919,65.2643,63.6066,65.1132,5385881.0,AMS
2022-04-20,65.3838,65.4764,64.3331,64.5086,2229455.0,AMS
2022-04-21,65.218,65.6958,63.091,63.2823,2572710.0,AMS
2022-04-22,63.2141,63.3798,61.3784,61.4442,2450056.0,AMS
2022-04-25,61.1394,62.2657,60.8323,62.2414,2264802.0,AMS
2022-04-26,61.7733,61.8489,59.8669,59.8815,2524742.0,AMS
2022-04-27,60.1277,61.1321,59.7791,60.0936,2459321.0,AMS
2022-04-28,61.0663,62.4925,60.3142,62.1487,1899934.0,AMS
2022-04-29,61.3028,61.8879,59.3305,59.4232,2585325.0,AMS
2022-05-02,59.2769,60.2569,58.587,60.2033,4455172.0,AMS
2022-05-03,60.1472,60.5836,59.7328,60.2326,2459788.0,AMS
2022-05-04,60.274,62.295,59.3622,62.1731,2483302.0,AMS
2022-05-05,61.332,61.3808,58.4919,59.1623,2066336.0,AMS
2022-05-06,58.7357,59.3842,57.5617,58.4943,2942772.0,AMS
2022-05-09,57.3973,57.7508,55.8371,56.1101,3638266.0,AMS
2022-05-10,57.3534,57.568,55.7542,56.5392,3566131.0,AMS
2022-05-11,56.1979,57.0682,54.762,54.9107,4264461.0,AMS
2022-05-12,54.1842,55.7005,53.6747,54.8375,4675416.0,AMS
2022-05-13,55.6957,57.0146,55.408,56.7805,2641132.0,AMS
2022-05-16,56.4148,56.8342,55.8956,56.1369,2415363.0,AMS
2022-05-17,57.2437,57.5161,56.41,57.4656,1696328.0,AMS
2022-05-18,56.6074,56.7216,54.5352,54.7327,2096334.0,AMS
2022-05-19,54.4231,55.3763,54.1842,54.5426,4320279.0,AMS
2022-05-20,55.2203,55.3154,52.9239,54.4353,2356237.0,AMS
2022-05-23,54.7108,55.4592,54.2403,55.3958,1959620.0,AMS
2022-05-24,54.4329,54.5645,53.3458,54.2817,2261184.0,AMS
2022-05-25,53.9575,55.4237,53.938,55.0496,1704333.0,AMS
2022-05-26,54.9667,56.783,54.9521,56.5002,2331144.0,AMS
2022-05-27,57.0536,58.3822,57.0536,58.3798,1709405.0,AMS
2022-05-31,58.2189,58.6211,57.4363,58.0653,2828885.0,AMS
2022-06-01,58.4358,58.8113,57.2413,57.6045,2140557.0,AMS
2022-06-02,57.4436,59.272,57.1974,59.2452,1603288.0,AMS
2022-06-03,58.2847,58.565,57.6265,57.8507,2555162.0,AMS
2022-06-06,58.6479,58.9746,57.8459,58.0848,2102099.0,AMS
2022-06-07,57.4436,58.7454,57.2559,58.6309,1245323.0,AMS
2022-06-08,58.4529,58.871,58.0226,58.1652,1372692.0,AMS
2022-06-09,57.8798,58.3194,56.6198,56.6272,2277879.0,AMS
2022-06-10,55.5747,55.7066,54.5198,54.5198,3012866.0,AMS
2022-06-13,52.8349,53.2696,51.9192,52.1097,4963971.0,AMS
2022-06-14,52.4613,52.6132,51.6897,52.1536,6495075.0,AMS
2022-06-15,52.7617,54.0803,52.1976,53.3453,2817443.0,AMS
2022-06-16,52.012,52.0535,50.7838,51.255,3513830.0,AMS
2022-06-17,51.2306,52.2606,51.0768,51.7385,3153947.0,AMS
2022-06-21,52.642,53.4747,52.5821,53.0547,3709689.0,AMS
2022-06-22,52.5053,53.7556,52.3862,53.0376,3864102.0,AMS
2022-06-23,53.4185,54.0754,53.023,53.9655,2824858.0,AMS
2022-06-24,54.5003,55.9556,54.4319,55.9556,2492424.0,AMS
2022-06-27,56.1217,56.2157,55.3598,55.5625,3101335.0,AMS
2022-06-28,55.6773,56.1632,53.9631,53.9826,2694028.0,AMS
2022-06-29,54.0021,54.3904,53.587,54.0778,2361616.0,AMS
2022-06-30,53.5187,54.029,52.6414,53.4039,2526771.0,AMS
2022-07-01,53.2891,54.0363,52.9814,53.9704,1752199.0,AMS
2022-07-05,53.2916,54.6712,52.9814,54.659,2946308.0,AMS
2022-07-06,54.6566,55.3208,54.3782,54.9203,1606308.0,AMS
2022-07-07,55.057,56.0802,55.057,55.963,1713847.0,AMS
2022-07-08,55.5283,56.267,55.3525,56.0045,1939638.0,AMS
2022-07-11,55.582,55.648,54.9301,55.0692,2051587.0,AMS
2022-07-12,55.184,55.5674,54.0852,54.3904,1172299.0,AMS
2022-07-13,53.4991,54.6566,53.2598,54.217,4249259.0,AMS
2022-07-14,53.714,54.4515,53.0864,54.3123,3629007.0,AMS
2022-07-15,54.8885,55.311,54.6785,55.267,4459819.0,AMS
2022-07-18,55.7627,56.0191,54.554,54.7396,3098104.0,AMS
2022-07-19,55.3672,56.4025,55.0957,56.3464,1947401.0,AMS
2022-07-20,56.3757,57.2572,56.2952,56.9934,1810980.0,AMS
2022-07-21,56.9959,57.8066,56.6125,57.7919,1972326.0,AMS
2022-07-22,57.7675,58.0825,56.6833,57.0154,2196716.0,AMS
2022-07-25,57.0545,57.0887,56.4855,56.8494,2151909.0,AMS
2022-07-26,56.4953,56.5539,55.6944,55.8287,1301652.0,AMS
2022-07-27,56.6345,58.1192,56.5222,57.8237,1306584.0,AMS
2022-07-28,57.9507,58.8664,57.3915,58.7492,1847969.0,AMS
2022-07-29,59.1008,60.0311,58.947,59.8675,1770356.0,AMS
2022-08-01,59.4573,60.3022,59.2986,59.7259,3211231.0,AMS
2022-08-02,59.3645,60.2143,59.0935,59.4671,1048775.0,AMS
2022-08-03,59.8089,60.9371,59.8089,60.7466,969898.0,AMS
2022-08-04,60.7417,61.0055,60.4023,60.9322,1088462.0,AMS
2022-08-05,60.1386,60.9664,60.0873,60.7466,1193949.0,AMS
2022-08-08,60.9444,61.5134,60.3852,60.6001,2414847.0,AMS
2022-08-09,60.3657,60.4145,59.8797,60.0531,1429081.0,AMS
2022-08-10,61.3156,61.6648,61.0128,61.6135,1289885.0,AMS
2022-08-11,62.0335,62.3387,61.1984,61.3205,1924408.0,AMS
2022-08-12,61.677,62.5048,61.5182,62.4999,1091454.0,AMS
2022-08-15,62.2093,62.9638,62.2093,62.8662,2754596.0,AMS
2022-08-16,62.683,63.2061,62.329,62.871,1964187.0,AMS
2022-08-17,62.2752,62.8564,62.031,62.3827,1346605.0,AMS
2022-08-18,62.3436,62.7026,62.1043,62.5316,788229.0,AMS
2022-08-19,61.9627,62.0701,61.34,61.4938,848560.0,AMS
2022-08-22,60.6978,60.6978,59.8993,60.0556,1492883.0,AMS
2022-08-23,59.9921,60.4218,59.8358,59.9335,770981.0,AMS
2022-08-24,59.9188,60.4062,59.7894,60.0873,1142689.0,AMS
2022-08-25,60.3681,61.0543,60.2338,61.0299,1299589.0,AMS
2022-08-26,60.9517,61.1178,58.6906,58.7076,1465370.0,AMS
2022-08-29,58.2144,58.6417,57.9531,58.1582,1951269.0,AMS
2022-08-30,58.4342,58.5241,57.1058,57.5404,1564195.0,AMS
2022-08-31,57.8945,58.1021,57.0447,57.0691,1685700.0,AMS
2022-09-01,56.6052,57.1375,55.9828,57.0789,2811293.0,AMS
2022-09-02,57.6625,57.8725,56.1095,56.3976,1447220.0,AMS
2022-09-06,56.5564,56.7004,55.7725,56.1974,1297833.0,AMS
2022-09-07,56.2682,57.4501,56.1876,57.2865,1073744.0,AMS
2022-09-08,56.8372,57.7529,56.698,57.599,1590972.0,AMS
2022-09-09,58.0166,58.8273,58.0166,58.7052,923241.0,AMS
2022-09-12,58.9909,59.4475,58.9714,59.428,1293924.0,AMS
2022-09-13,57.9751,58.0361,56.3708,56.5368,1049722.0,AMS
2022-09-14,56.7297,57.0618,56.3122,56.8518,1346302.0,AMS
2022-09-15,56.5686,57.035,55.7676,56.0191,3016389.0,AMS
2022-09-16,55.3623,55.6211,54.9276,55.5186,1635690.0,AMS
2022-09-19,55.0351,56.0069,55.0155,55.985,2069641.0,AMS
2022-09-20,55.4868,55.8433,55.0351,55.4599,1545832.0,AMS
2022-09-21,55.7286,56.3464,54.4954,54.4978,1813064.0,AMS
2022-09-22,54.2585,54.449,53.6994,53.8703,2008137.0,AMS
2022-09-23,53.3673,53.377,52.3418,53.0425,2114567.0,AMS
2022-09-26,52.8007,53.6234,52.5608,52.6881,3024102.0,AMS
2022-09-27,53.3541,53.7679,52.3152,52.7273,2222711.0,AMS
2022-09-28,52.8815,53.9515,52.431,53.6577,2207756.0,AMS
2022-09-29,53.0162,53.0921,51.8409,52.4041,1963706.0,AMS
2022-09-30,52.2547,52.9158,51.4962,51.5153,2238045.0,AMS
2022-10-03,51.8924,53.026,51.6279,52.7346,2328845.0,AMS
2022-10-04,53.7115,54.473,53.7115,54.3873,2073499.0,AMS
2022-10-05,53.7018,54.713,53.3198,54.3555,1452732.0,AMS
2022-10-06,54.1939,54.7668,53.8878,53.9637,1645710.0,AMS
2022-10-07,53.1876,53.1876,51.8464,52.1005,2258768.0,AMS
2022-10-10,52.2082,52.2694,51.1431,51.5912,2251750.0,AMS
2022-10-11,51.3268,51.9364,50.7587,51.0868,1908101.0,AMS
2022-10-12,51.2068,51.4639,50.8995,51.0134,2245483.0,AMS
2022-10-13,49.7206,52.4041,49.4708,52.1347,2282295.0,AMS
2022-10-14,52.6097,52.7518,50.6094,50.6902,1745161.0,AMS
2022-10-17,51.7308,52.4286,51.7308,52.289,3068854.0,AMS
2022-10-18,53.5744,53.7209,52.3747,52.8791,1843574.0,AMS
2022-10-19,52.5314,53.0186,52.0221,52.5118,1737208.0,AMS
2022-10-20,52.4188,53.1949,51.956,52.1494,1567271.0,AMS
2022-10-21,51.9707,53.4826,51.7944,53.4153,1729162.0,AMS
2022-10-24,53.594,54.2208,52.9721,54.0396,2066151.0,AMS
2022-10-25,54.1792,55.1439,54.1743,55.0949,2288750.0,AMS
2022-10-26,54.0421,55.1978,54.0005,54.1596,1651186.0,AMS
2022-10-27,54.2967,54.5244,53.5891,53.7115,1699912.0,AMS
2022-10-28,53.4177,55.09,53.392,54.9774,2227359.0,AMS
2022-10-31,54.6028,54.8158,54.2037,54.4975,3516067.0,AMS
2022-11-01,55.0974,55.2467,53.8634,53.9809,2415598.0,AMS
2022-11-02,53.9368,54.4583,52.2327,52.2474,2008386.0,AMS
2022-11-03,51.7185,52.0099,51.2288,51.3904,3075015.0,AMS
2022-11-04,52.2327,52.4019,50.9056,51.9168,3277325.0,AMS
2022-11-07,52.1005,52.5583,51.6989,52.4555,3414724.0,AMS
2022-11-08,52.6979,53.3418,52.0858,52.7615,2723781.0,AMS
2022-11-09,52.4408,52.5363,51.4252,51.4957,2319524.0,AMS
2022-11-10,53.7605,55.1463,53.523,55.1047,1999909.0,AMS
2022-11-11,55.1194,56.0355,54.9407,55.92,2988205.0,AMS
2022-11-14,55.5283,56.0062,55.2173,55.2688,2673049.0,AMS
2022-11-15,56.3583,56.5958,55.3471,55.9274,2051745.0,AMS
2022-11-16,55.5871,55.7584,55.2479,55.401,1825794.0,AMS
2022-11-17,54.6836,55.3691,54.544,55.1414,1800043.0,AMS
2022-11-18,55.6948,55.7144,54.8195,55.2516,2172567.0,AMS
2022-11-21,54.997,55.1978,54.6469,54.7913,2344089.0,AMS
2022-11-22,55.0019,55.5944,54.6615,55.565,2036441.0,AMS
2022-11-23,55.5577,56.2237,55.5577,56.0988,1850551.0,AMS
2022-11-25,55.9029,56.0694,55.7854,55.9592,1105626.0,AMS
2022-11-28,55.5014,55.8246,54.9137,55.0729,2727943.0,AMS
2022-11-29,55.1512,55.1679,54.473,54.7154,1865315.0,AMS
2022-11-30,54.7644,56.9533,54.6077,56.9533,2295409.0,AMS
2022-12-01,57.0806,57.3395,56.4954,57.0218,2232949.0,AMS
2022-12-02,56.1771,57.0659,56.1502,56.8872,3036372.0,AMS
2022-12-05,56.4856,56.6399,55.5993,55.8539,3744794.0,AMS
2022-12-06,55.7829,55.8564,54.5024,54.8501,2364679.0,AMS
2022-12-07,54.6469,55.0435,54.3971,54.6395,2501067.0,AMS
2022-12-08,54.9358,55.4255,54.593,55.2614,3459751.0,AMS
2022-12-09,55.0288,55.5112,54.8158,54.8476,3995312.0,AMS
2022-12-12,54.926,55.663,54.8746,55.663,3270216.0,AMS
2022-12-13,57.7058,57.7058,55.7028,56.1766,3561754.0,AMS
2022-12-14,56.1054,56.6749,55.2315,55.8182,4052720.0,AMS
2022-12-15,55.0204,55.1149,53.9105,54.1392,2622422.0,AMS
2022-12-16,53.9772,54.115,53.1844,53.4838,3262844.0,AMS
2022-12-19,53.5403,53.5403,52.5487,52.7966,4362048.0,AMS
2022-12-20,52.5732,53.0862,52.3449,52.7916,2584261.0,AMS
2022-12-21,53.1598,53.8471,52.9942,53.6336,3169363.0,AMS
2022-12-22,53.0764,53.1819,51.7705,52.6149,3306228.0,AMS
2022-12-23,52.4014,52.8285,52.0675,52.8064,3306468.0,AMS
2022-12-27,52.7106,52.7499,52.1338,52.3007,2971921.0,AMS
2022-12-28,52.2762,52.6321,51.5668,51.6134,3189932.0,AMS
2022-12-29,52.0798,52.8847,52.0233,52.7352,2778316.0,AMS
2022-12-30,52.2688,52.6198,51.9887,52.5879,3218199.0,AMS
2023-01-03,52.9168,53.2654,51.746,52.1903,3537708.0,AMS
2023-01-04,52.4406,52.6745,51.8196,52.3744,1894642.0,AMS
2023-01-05,52.1043,52.1264,51.4637,51.5275,3123954.0,AMS
2023-01-06,51.9031,52.9523,51.368,52.7499,2587133.0,AMS
2023-01-09,53.1697,53.9281,52.9659,53.0248,4536724.0,AMS
2023-01-10,52.8898,53.4274,52.7548,53.4176,1686399.0,AMS
2023-01-11,53.6557,54.3872,53.6115,54.3626,1156137.0,AMS
2023-01-12,54.4632,54.7873,53.7539,54.5958,2110225.0,AMS
2023-01-13,54.1,54.9689,54.1,54.8953,2576835.0,AMS
2023-01-17,54.8707,55.3076,54.7469,54.9812,4617254.0,AMS
2023-01-18,55.2978,55.5727,54.2202,54.2669,1920157.0,AMS
2023-01-19,53.9281,54.1613,53.5894,53.7858,2640488.0,AMS
2023-01-20,54.0754,55.1235,53.857,55.0843,2265766.0,AMS
2023-01-23,55.2831,56.2195,55.0867,55.963,4593887.0,AMS
2023-01-24,55.6832,56.0367,55.5617,55.8354,1998391.0,AMS
2023-01-25,55.045,55.8624,54.5958,55.774,2172033.0,AMS
2023-01-26,56.3288,56.6061,55.8207,56.5718,1169062.0,AMS
2023-01-27,56.4466,57.3572,56.4245,56.9964,2655750.0,AMS
2023-01-30,56.4539,56.778,56.0097,56.0465,4189247.0,AMS
2023-01-31,56.1177,56.9866,56.1177,56.967,2206402.0,AMS
2023-02-01,56.8909,58.4103,56.53,57.9635,2021161.0,AMS
2023-02-02,58.8988,59.6106,58.7073,59.37,2286390.0,AMS
2023-02-03,58.2556,59.4891,58.2556,58.5551,1565449.0,AMS
2023-02-06,58.1084,58.4324,57.869,58.1108,1630599.0,AMS
2023-02-07,57.9979,59.2461,57.7794,59.0681,1256287.0,AMS
2023-02-08,58.7687,59.0509,58.2041,58.317,1062390.0,AMS
2023-02-09,58.9601,59.0264,57.6665,57.8825,851032.0,AMS
2023-02-10,57.5119,57.8568,57.2296,57.6518,2092154.0,AMS
2023-02-13,57.8629,58.5589,57.7353,58.4766,1754445.0,AMS
2023-02-14,58.2606,58.9847,57.9357,58.7245,921219.0,AMS
2023-02-15,58.4741,59.1418,58.3636,59.1418,917388.0,AMS
2023-02-16,58.2802,58.9405,58.0715,58.0863,875545.0,AMS
2023-02-17,57.7426,57.8199,57.2321,57.7598,2892185.0,AMS
2023-02-21,57.0651,57.2492,56.4269,56.4368,1039970.0,AMS
2023-02-22,56.5914,56.8626,56.2502,56.4834,1186839.0,AMS
2023-02-23,57.0701,57.1633,56.2036,56.9547,1261903.0,AMS
2023-02-24,56.1201,56.237,55.747,56.071,776075.0,AMS
2023-02-27,56.638,56.9056,56.2944,56.4269,789107.0,AMS
2023-02-28,56.3018,56.7472,56.2576,56.2895,617341.0,AMS
2023-03-01,56.2404,56.3472,55.7495,55.9532,654354.0,AMS
2023-03-02,55.5457,56.5497,55.504,56.4024,601381.0,AMS
2023-03-03,56.6945,57.4898,56.638,57.4456,1086941.0,AMS
2023-03-06,57.6371,58.1648,57.4972,57.5389,1256621.0,AMS
2023-03-07,57.534,57.6862,56.7092,56.7902,747147.0,AMS
2023-03-08,56.859,57.1069,56.6135,56.9841,857529.0,AMS
2023-03-09,57.0848,57.4824,55.8575,55.9851,1039906.0,AMS
2023-03-10,55.9704,56.1061,54.8241,55.018,2000175.0,AMS
2023-03-13,54.6179,56.0195,54.3847,55.3395,1896344.0,AMS
2023-03-14,56.0023,56.5583,55.6783,56.4147,2435650.0,AMS
2023-03-15,55.7568,56.4233,55.4745,56.3484,1410887.0,AMS
2023-03-16,56.1471,57.7205,56.027,57.6248,3087770.0,AMS
2023-03-17,57.7058,57.9513,56.9498,57.2689,1715985.0,AMS
2023-03-20,57.2419,57.6322,56.9927,57.5536,902095.0,AMS
2023-03-21,57.9611,58.5036,57.7672,58.4226,1229442.0,AMS
2023-03-22,58.4176,59.1737,57.5659,57.5659,964715.0,AMS
2023-03-23,58.178,58.9012,57.5814,58.0156,1313837.0,AMS
2023-03-24,57.8705,58.2493,57.4436,58.2346,848806.0,AMS
2023-03-27,58.4535,58.6355,57.9021,58.05,850509.0,AMS
2023-03-28,57.9713,57.9845,57.4572,57.836,1002220.0,AMS
2023-03-29,58.4756,58.7659,58.2702,58.7216,771294.0,AMS
2023-03-30,59.1177,59.221,58.8348,59.1497,860618.0,AMS
2023-03-31,59.253,60.1755,59.226,60.1067,1138653.0,AMS
2023-04-03,59.8754,60.2469,59.7161,60.1878,1362472.0,AMS
2023-04-04,60.3084,60.4486,59.7482,59.9492,679427.0,AMS
2023-04-05,59.7376,59.7942,59.125,59.408,830706.0,AMS
2023-04-06,59.1448,59.7696,58.9141,59.7647,871062.0,AMS
2023-04-10,59.2579,59.7745,59.0147,59.7745,1299839.0,AMS
2023-04-11,59.7573,59.8139,59.4437,59.5679,795523.0,AMS
2023-04-12,59.9345,60.0449,59.1497,59.2235,960240.0,AMS
2023-04-13,59.4843,60.3527,59.4843,60.2862,1342389.0,AMS
2023-04-14,60.0771,60.4621,59.6417,60.087,685654.0,AMS
2023-04-17,60.0033,60.2149,59.7622,60.2026,2185473.0,AMS
2023-04-18,60.5347,60.6257,60.0993,60.2616,741913.0,AMS
2023-04-19,59.8976,60.4458,59.8976,60.3108,1062474.0,AMS
2023-04-20,59.7868,60.365,59.7352,59.9935,748105.0,AMS
2023-04-21,60.0525,60.1485,59.7352,60.0402,897645.0,AMS
2023-04-24,59.9468,60.2407,59.622,59.9935,971819.0,AMS
2023-04-25,59.6983,59.8139,58.852,58.8717,1355408.0,AMS
2023-04-26,59.3883,59.622,58.9676,59.071,1267353.0,AMS
2023-04-27,59.376,60.3354,59.3377,60.2739,1153002.0,AMS
2023-04-28,60.0821,60.7291,60.023,60.7217,1462135.0,AMS
2023-05-01,60.6552,60.9923,60.6331,60.7217,1066819.0,AMS
2023-05-02,60.6872,60.6872,59.7795,60.178,1321705.0,AMS
2023-05-03,60.2223,60.7537,59.8483,59.8779,649427.0,AMS
2023-05-04,59.7475,59.8582,59.3883,59.5531,1385331.0,AMS
2023-05-05,60.0796,60.9701,60.0673,60.7955,1047672.0,AMS
2023-05-08,60.7537,60.9382,60.611,60.8963,1400244.0,AMS
2023-05-09,60.6602,60.8422,60.5987,60.6257,940351.0,AMS
2023-05-10,61.0292,61.3539,60.5888,61.1989,2080376.0,AMS
2023-05-11,61.2703,61.3465,60.884,61.2506,1248643.0,AMS
2023-05-12,61.3859,61.472,60.7291,61.1128,1017630.0,AMS
2023-05-15,61.1989,61.3613,60.8988,61.3342,962633.0,AMS
2023-05-16,61.1768,61.4769,61.1325,61.1866,938592.0,AMS
2023-05-17,61.4548,62.0133,61.2063,61.9148,1591651.0,AMS
2023-05-18,61.9911,62.8791,61.9911,62.8127,1736320.0,AMS
2023-05-19,62.8865,62.9775,62.4954,62.6577,789869.0,AMS
2023-05-22,62.5667,62.9283,62.558,62.7266,761959.0,AMS
2023-05-23,62.3675,62.5495,61.7332,61.8435,1031866.0,AMS
2023-05-24,61.4621,61.7377,61.2112,61.4843,649654.0,AMS
2023-05-25,62.5249,62.7832,62.1426,62.6036,792982.0,AMS
2023-05-26,62.7119,63.8804,62.7119,63.7328,1263969.0,AMS
2023-05-30,64.3552,64.4757,63.6836,63.9001,1464539.0,AMS
2023-05-31,63.6147,63.873,63.2826,63.568,1585137.0,AMS
2023-06-01,63.4991,64.4511,63.3293,64.2863,3031067.0,AMS
2023-06-02,64.7266,65.2039,64.5421,65.0834,1911769.0,AMS
2023-06-05,64.9923,65.5188,64.8571,65.0169,884814.0,AMS
2023-06-06,64.921,65.1498,64.7672,65.0563,733775.0,AMS
2023-06-07,65.0861,65.3667,64.128,64.2115,881748.0,AMS
2023-06-08,64.2262,64.9085,64.1979,64.8101,761293.0,AMS
2023-06-09,65.0959,65.4901,64.8446,65.0368,2431059.0,AMS
2023-06-12,65.2782,65.9779,65.1428,65.9656,1543793.0,AMS
2023-06-13,66.3031,66.4879,65.9287,66.3795,1614420.0,AMS
2023-06-14,66.3204,66.7749,65.8695,66.6284,951204.0,AMS
2023-06-15,66.4091,67.7148,66.3623,67.4882,1498366.0,AMS
2023-06-16,67.976,67.976,67.0447,67.0817,1027432.0,AMS
2023-06-20,66.7811,67.1507,66.5199,66.9683,1630195.0,AMS
2023-06-21,66.7515,66.8378,66.18,66.3623,967389.0,AMS
2023-06-22,66.1331,66.9659,66.1184,66.9486,924266.0,AMS
2023-06-23,66.2859,66.7491,66.1726,66.3352,2062817.0,AMS
2023-06-26,66.2489,66.6678,65.5985,65.6182,1461953.0,AMS
2023-06-27,65.9237,66.7457,65.803,66.6284,1612587.0,AMS
2023-06-28,66.3179,67.0788,66.3179,66.7565,818469.0,AMS
2023-06-29,66.7244,66.9412,66.5347,66.8254,704876.0,AMS
2023-06-30,67.4512,67.9538,67.3675,67.7961,1311401.0,AMS
2023-07-03,67.8306,67.907,67.6286,67.7296,530204.0,AMS
2023-07-05,67.4956,68.0327,67.4956,67.8208,816976.0,AMS
2023-07-06,67.1975,67.4389,66.8944,67.3675,1148280.0,AMS
2023-07-07,67.227,67.7666,67.0447,67.0718,777880.0,AMS
2023-07-10,66.9018,67.1704,66.6357,67.1309,821397.0,AMS
2023-07-11,67.1507,67.5239,66.9293,67.4635,2680095.0,AMS
2023-07-12,68.109,68.4293,67.8317,68.1583,1184762.0,AMS
2023-07-13,68.6683,69.1684,68.5082,69.0329,1421375.0,AMS
2023-07-14,69.1931,69.74,69.076,69.2103,2321562.0,AMS
2023-07-17,69.3557,69.8878,69.3113,69.7252,1778589.0,AMS
2023-07-18,69.6341,70.5087,69.3581,70.3091,1679421.0,AMS
2023-07-19,70.5235,70.6984,70.0997,70.3067,2996022.0,AMS
2023-07-20,69.8361,70.1145,68.8679,69.0329,1654946.0,AMS
2023-07-21,69.3778,69.4444,68.8082,68.8186,1615738.0,AMS
2023-07-24,69.0526,69.2325,68.72,69.0477,801452.0,AMS
2023-07-25,69.1019,69.6802,69.1019,69.4419,627135.0,AMS
2023-07-26,69.1906,69.5823,68.9368,69.2941,705536.0,AMS
2023-07-27,70.1514,70.309,68.7003,68.8999,1154883.0,AMS
2023-07-28,69.5281,70.1133,69.4254,69.9864,1073357.0,AMS
2023-07-31,70.0677,70.1909,69.8139,70.1268,875269.0,AMS
2023-08-01,69.8706,70.0356,69.6388,69.9297,593743.0,AMS
2023-08-02,69.3039,69.3163,68.3628,68.5747,950165.0,AMS
2023-08-03,68.1583,68.7151,68.1263,68.3825,996283.0,AMS
2023-08-04,68.7742,69.1044,67.9489,68.0524,1572950.0,AMS
2023-08-07,68.316,68.5771,67.9587,68.5476,1241553.0,AMS
2023-08-08,68.247,68.2963,67.6828,68.2199,724481.0,AMS
2023-08-09,68.2913,68.3061,67.3576,67.5128,1280869.0,AMS
2023-08-10,67.9834,68.5673,67.3527,67.6064,1413066.0,AMS
2023-08-11,67.1851,67.6089,67.0841,67.3231,985499.0,AMS
2023-08-14,67.2369,68.0622,67.1038,68.0548,1063320.0,AMS
2023-08-15,67.8873,68.0696,67.2788,67.4069,790158.0,AMS
2023-08-16,67.328,67.6705,66.8402,66.8501,1734142.0,AMS
2023-08-17,67.025,67.1211,66.0001,66.1184,1112218.0,AMS
2023-08-18,65.5542,66.2391,65.3965,66.0321,1786095.0,AMS
2023-08-21,66.3229,67.0349,66.1529,66.9265,965564.0,AMS
2023-08-22,67.3428,67.3699,66.7614,66.8747,923495.0,AMS
2023-08-23,67.0521,68.0388,67.0521,67.8602,696017.0,AMS
2023-08-24,68.348,68.4589,66.6136,66.6136,1129475.0,AMS
2023-08-25,66.8525,67.4685,66.2292,67.1457,1048860.0,AMS
2023-08-28,67.5572,67.7236,67.2147,67.6138,999514.0,AMS
2023-08-29,67.6114,68.9886,67.5128,68.9196,995672.0,AMS
2023-08-30,68.9492,69.4887,68.8703,69.3705,560692.0,AMS
2023-08-31,69.4641,69.8386,69.3655,69.4542,968330.0,AMS
2023-09-01,69.9519,69.9913,69.2078,69.4739,654050.0,AMS
2023-09-05,69.3261,69.7228,69.1315,69.5306,802245.0,AMS
2023-09-06,69.3261,69.4468,68.4884,68.821,780503.0,AMS
2023-09-07,68.0203,68.6609,67.9045,68.5624,949085.0,AMS
2023-09-08,68.4909,68.9713,68.4392,68.5944,636198.0,AMS
2023-09-11,69.1216,69.4049,68.8394,69.3384,725578.0,AMS
2023-09-12,68.9738,69.1443,68.4761,68.555,846300.0,AMS
2023-09-13,68.5328,69.0003,68.348,68.7668,815264.0,AMS
2023-09-14,69.06,69.4567,68.704,69.2202,1213866.0,AMS
2023-09-15,69.0428,69.0502,68.0425,68.1411,1943771.0,AMS
2023-09-18,67.9612,68.4022,67.9218,68.1953,966755.0,AMS
2023-09-19,67.9686,68.1558,67.5276,68.0696,613385.0,AMS
2023-09-20,68.21,68.3012,67.1309,67.1334,955171.0,AMS
2023-09-21,66.5323,66.6234,65.872,65.8966,1093916.0,AMS
2023-09-22,66.1775,66.5347,65.7734,65.8252,4823731.0,AMS
2023-09-25,65.6872,66.1997,65.5049,66.1701,1562625.0,AMS
2023-09-26,65.7341,65.8131,64.9707,65.117,1085029.0,AMS
2023-09-27,65.317,65.5046,64.5592,65.2306,1321429.0,AMS
2023-09-28,65.0059,65.9982,64.8776,65.7144,1238372.0,AMS
2023-09-29,66.3241,66.4907,65.4601,65.6576,1876905.0,AMS
2023-10-02,65.6379,66.4352,65.5811,66.2179,1262693.0,AMS
2023-10-03,65.8575,66.1192,64.7838,65.0331,1374732.0,AMS
2023-10-04,65.1787,66.0229,65.1578,65.9217,1084284.0,AMS
2023-10-05,65.8575,66.0575,65.2503,65.9267,1063600.0,AMS
2023-10-06,65.4231,67.2226,65.3293,67.0128,1318894.0,AMS
2023-10-09,66.5092,67.4546,66.3438,67.3386,948407.0,AMS
2023-10-10,67.4003,68.1482,67.3263,67.662,1189847.0,AMS
2023-10-11,67.9187,68.2272,67.6348,68.2075,798526.0,AMS
2023-10-12,68.2865,68.5802,67.4867,67.8644,1290827.0,AMS
2023-10-13,68.0248,68.2081,66.9535,67.2078,721596.0,AMS
2023-10-16,67.425,68.1433,67.425,67.973,1807644.0,AMS
2023-10-17,67.3238,68.125,67.0276,67.8002,1063287.0,AMS
2023-10-18,67.4077,67.6941,66.5871,66.7807,704788.0,AMS
2023-10-19,66.9831,67.2448,66.0772,66.2253,1214479.0,AMS
2023-10-20,66.1093,66.2253,65.2183,65.2898,881524.0,AMS
2023-10-23,64.9615,66.0735,64.6505,65.4626,1177134.0,AMS
2023-10-24,65.823,66.1883,65.4305,66.0526,999678.0,AMS
2023-10-25,65.6132,65.6872,64.5814,64.6801,936434.0,AMS
2023-10-26,64.3691,64.5912,63.1941,63.4237,2155710.0,AMS
2023-10-27,63.8631,64.2037,63.3225,63.5545,1961625.0,AMS
2023-10-30,64.0951,64.6505,63.9273,64.4481,1486508.0,AMS
2023-10-31,64.4851,64.7732,64.0235,64.6999,2011638.0,AMS
2023-11-01,64.806,65.7588,64.806,65.707,2403516.0,AMS
2023-11-02,66.4524,66.9264,66.3512,66.9017,1449880.0,AMS
2023-11-03,67.0399,67.7533,67.03,67.546,1603542.0,AMS
2023-11-06,67.699,67.9532,67.4941,67.936,1313857.0,AMS
2023-11-07,68.1013,68.7505,67.9532,68.5827,1623912.0,AMS
2023-11-08,68.7185,68.9208,68.4198,68.8641,2226538.0,AMS
2023-11-09,68.9283,69.029,68.1507,68.2593,1441706.0,AMS
2023-11-10,68.5086,69.6046,68.4235,69.5775,1675713.0,AMS
2023-11-13,69.3183,69.7083,69.069,69.5009,2255121.0,AMS
2023-11-14,70.6117,71.0832,70.513,70.8808,1452459.0,AMS
2023-11-15,71.1721,71.2066,70.6288,70.8833,2049110.0,AMS
2023-11-16,70.7895,71.1918,70.7017,71.0758,1159761.0,AMS
2023-11-17,71.0388,71.1977,70.7693,71.0511,972044.0,AMS
2023-11-20,70.9771,71.9447,70.9771,71.799,1730106.0,AMS
2023-11-21,71.5571,71.7225,71.291,71.5868,1451053.0,AMS
2023-11-22,71.8953,72.342,71.7028,71.9126,800159.0,AMS
2023-11-24,71.8558,71.9496,71.6386,71.8262,666920.0,AMS
2023-11-27,71.7003,72.0829,71.6583,71.7423,1901252.0,AMS
2023-11-28,71.6065,72.0484,71.5448,71.9101,1055301.0,AMS
2023-11-29,72.2755,72.4791,71.7324,71.767,1396854.0,AMS
2023-11-30,71.9348,71.9669,71.2387,71.7966,1175845.0,AMS
2023-12-01,71.6732,72.1767,71.4411,72.0706,1432227.0,AMS
2023-12-04,71.4362,71.53,70.9104,71.4609,2024355.0,AMS
2023-12-05,71.1795,71.9866,71.1689,71.8188,1070597.0,AMS
2023-12-06,72.1619,72.2051,71.3547,71.3893,1277857.0,AMS
2023-12-07,71.8311,72.3162,71.7324,72.2335,1405984.0,AMS
2023-12-08,71.9792,72.6728,71.957,72.5963,965836.0,AMS
2023-12-11,72.3273,72.7025,72.2187,72.6803,2774641.0,AMS
2023-12-12,72.5914,73.248,72.4779,73.2455,1232334.0,AMS
2023-12-13,73.3393,74.2181,73.2702,74.1243,1448972.0,AMS
2023-12-14,74.3761,74.4514,73.3393,73.9639,1726396.0,AMS
2023-12-15,73.7318,74.3539,73.7318,74.2107,3204174.0,AMS
2023-12-18,74.2453,74.8611,74.1934,74.697,1419647.0,AMS
2023-12-19,74.7735,75.0574,74.7537,75.0401,1454735.0,AMS
2023-12-20,74.9866,75.3724,74.0467,74.0814,1182902.0,AMS
2023-12-21,74.6527,74.8901,74.2252,74.8283,1048487.0,AMS
2023-12-22,74.994,75.1721,74.5711,74.8901,1669665.0,AMS
2023-12-26,74.9396,75.2728,74.9396,75.1523,941907.0,AMS
2023-12-27,75.1449,75.3329,75.0311,75.2216,1332301.0,AMS
2023-12-28,75.3675,75.5233,75.2018,75.2414,1117324.0,AMS
2023-12-29,75.2611,75.3576,74.6403,74.9841,1188964.0,AMS
2024-01-02,74.2842,74.3905,73.4432,73.8711,2813991.0,AMS
2024-01-03,73.4358,73.646,73.0648,73.1489,1243635.0,AMS
2024-01-04,72.9003,73.5174,72.8175,72.8224,1415633.0,AMS
2024-01-05,72.9362,73.3789,72.6641,72.9065,1729553.0,AMS
2024-01-08,73.1464,74.4425,73.1464,74.4004,1719220.0,AMS
2024-01-09,74.0121,74.7566,73.9215,74.6131,1073065.0,AMS
2024-01-10,74.6774,75.506,74.6774,75.3848,950937.0,AMS
2024-01-11,75.6099,75.8671,74.67,75.4912,1757826.0,AMS
2024-01-12,75.6148,75.8176,75.3106,75.5753,1170350.0,AMS
2024-01-16,75.3848,75.7855,75.1078,75.4714,2182840.0,AMS
2024-01-17,75.0014,75.1869,74.5002,75.1251,1259732.0,AMS
2024-01-18,75.6618,76.1862,75.3996,76.1367,1513269.0,AMS
2024-01-19,76.5225,77.2621,76.2727,77.225,2035730.0,AMS
2024-01-22,77.5984,77.8359,77.3684,77.4723,1740038.0,AMS
2024-01-23,77.6182,77.7073,77.2967,77.6677,1509710.0,AMS
2024-01-24,78.2291,78.6595,77.8829,77.962,2210869.0,AMS
2024-01-25,78.0906,78.3973,77.6108,78.061,1389624.0,AMS
2024-01-26,77.92,78.3058,77.7988,77.967,1763690.0,AMS
2024-01-29,78.0634,78.8091,77.9459,78.7931,1549834.0,AMS
2024-01-30,78.7164,78.8301,78.3281,78.4789,1525154.0,AMS
2024-01-31,77.7048,78.0016,76.7983,76.8119,2320268.0,AMS
2024-02-01,77.1879,77.9942,77.1607,77.9447,1550486.0,AMS
2024-02-02,78.2242,79.7004,78.1277,79.4881,1465093.0,AMS
2024-02-05,79.5895,79.6719,78.8821,79.4163,1588872.0,AMS
2024-02-06,79.6661,79.8071,79.0281,79.5103,1075912.0,AMS
2024-02-07,79.9605,80.6308,79.9036,80.5293,1504776.0,AMS
2024-02-08,80.5986,80.7989,80.5232,80.6703,2242753.0,AMS
2024-02-09,80.9671,81.6275,80.8731,81.4915,1130814.0,AMS
2024-02-12,81.4964,81.7586,80.9263,81.1106,1848282.0,AMS
2024-02-13,79.676,80.4494,79.4275,79.9456,2291008.0,AMS
2024-02-14,80.5343,80.9622,80.0841,80.9028,1263209.0,AMS
2024-02-15,80.9424,81.0698,80.4626,81.0438,1642554.0,AMS
2024-02-16,81.16,81.1724,80.3859,80.5368,1135565.0,AMS
2024-02-20,80.0099,80.2944,79.1467,79.7305,739730.0,AMS
2024-02-21,79.2383,79.5326,78.8302,79.5202,575129.0,AMS
2024-02-22,81.118,82.0381,81.0304,81.9367,894659.0,AMS
2024-02-23,82.2879,82.5303,81.6374,81.8501,1148607.0,AMS
2024-02-26,81.9936,82.1296,81.6498,81.672,904726.0,AMS
2024-02-27,81.7586,81.8427,81.3183,81.7784,825268.0,AMS
2024-02-28,81.4717,81.6597,81.2429,81.4692,925799.0,AMS
2024-02-29,81.7759,82.1927,81.3072,81.902,1244485.0,AMS
2024-03-01,82.1049,82.9705,82.0035,82.8939,883754.0,AMS
2024-03-04,82.7405,82.9384,82.5154,82.5501,1214713.0,AMS
2024-03-05,82.0455,82.0455,80.8039,81.2417,1059316.0,AMS
2024-03-06,81.9317,82.0851,81.3208,81.6794,1368897.0,AMS
2024-03-07,82.2137,83.1412,81.8847,82.785,984858.0,AMS
2024-03-08,82.9433,83.5338,81.7359,81.8427,751977.0,AMS
2024-03-11,81.5954,81.7165,81.1427,81.4742,1063421.0,AMS
2024-03-12,81.9688,82.931,81.4766,82.8543,957570.0,AMS
2024-03-13,82.8023,82.8023,82.325,82.5253,1380717.0,AMS
2024-03-14,82.9062,83.0249,82.1345,82.5872,1631713.0,AMS
2024-03-15,81.7685,82.095,81.4173,81.6423,1639821.0,AMS
2024-03-18,82.5872,83.0324,82.3324,82.3522,1146863.0,AMS
2024-03-19,82.1469,82.9582,81.7833,82.8889,1138868.0,AMS
2024-03-20,83.0497,83.8139,82.7788,83.8115,1978108.0,AMS
2024-03-21,84.4093,84.4093,83.8607,83.8842,1455814.0,AMS
2024-03-22,83.8743,84.1814,83.7059,83.9585,788236.0,AMS
2024-03-25,83.6143,83.8719,83.3245,83.6341,765562.0,AMS
2024-03-26,83.9734,84.013,83.3196,83.3444,1107278.0,AMS
2024-03-27,83.857,83.9338,83.067,83.6886,1675090.0,AMS
2024-03-28,83.4954,83.7022,83.3221,83.4731,1392071.0,AMS
2024-04-01,83.5994,83.9338,83.0917,83.4236,823245.0,AMS
2024-04-02,82.4404,82.797,82.1494,82.6955,1420162.0,AMS
2024-04-03,82.4379,83.2687,82.4379,82.9209,943238.0,AMS
2024-04-04,83.5895,83.7914,81.7271,81.7569,846124.0,AMS
2024-04-05,82.1358,83.2602,82.0491,82.8887,1518999.0,AMS
2024-04-08,83.0769,83.218,82.6596,82.8986,1700160.0,AMS
2024-04-09,83.2775,83.2948,82.1061,82.9853,956708.0,AMS
2024-04-10,81.9971,82.589,81.9599,82.381,1238864.0,AMS
2024-04-11,82.7203,83.7381,82.2299,83.5549,2655852.0,AMS
2024-04-12,82.8812,83.1549,82.1287,82.376,1365044.0,AMS
2024-04-15,83.1116,83.1116,80.8876,80.9867,2602766.0,AMS
2024-04-16,81.0684,81.534,80.7935,80.9891,1391624.0,AMS
2024-04-17,81.4597,81.4993,80.0827,80.3006,1284265.0,AMS
2024-04-18,80.4517,80.8021,79.783,79.8648,2831768.0,AMS
2024-04-19,79.7137,79.8078,78.0717,78.2971,2831171.0,AMS
2024-04-22,78.8444,79.5523,78.2129,79.0772,1267861.0,AMS
2024-04-23,79.5428,80.3898,79.419,80.2486,677490.0,AMS
2024-04-24,80.7638,80.8876,79.8707,80.2635,686618.0,AMS
2024-04-25,78.6042,79.9163,78.3986,79.7583,978910.0,AMS
2024-04-26,80.8455,81.5092,80.6597,81.2294,857404.0,AMS
2024-04-29,81.5686,81.6578,80.8752,81.3383,771007.0,AMS
2024-04-30,81.1972,81.4857,79.9292,79.9539,919532.0,AMS
2024-05-01,79.9168,81.1253,79.4908,79.6642,1082365.0,AMS
2024-05-02,80.3378,80.7811,79.5948,80.6474,887000.0,AMS
2024-05-03,82.0962,82.2571,81.6083,82.0986,751943.0,AMS
2024-05-06,82.4008,83.1735,82.2497,83.1735,814662.0,AMS
2024-05-07,83.228,83.431,82.9753,83.1314,964777.0,AMS
2024-05-08,82.7054,83.171,82.6861,83.0125,945126.0,AMS
2024-05-09,83.0174,83.3369,82.7723,83.2676,541945.0,AMS
2024-05-10,83.5375,83.7703,83.1128,83.379,710303.0,AMS
2024-05-13,83.592,83.6193,83.1388,83.4261,1205614.0,AMS
2024-05-14,83.2725,84.0067,83.2255,83.8496,584259.0,AMS
2024-05-15,84.2706,85.2464,84.1765,85.2018,920948.0,AMS
2024-05-16,85.2439,85.4866,84.8972,84.9343,2492369.0,AMS
2024-05-17,85.0185,85.0334,84.5331,84.9145,1087618.0,AMS
2024-05-20,84.9442,85.4841,84.8996,85.3752,1098701.0,AMS
2024-05-21,85.1448,85.5956,85.0631,85.5609,1214365.0,AMS
2024-05-22,85.5138,85.6364,84.8897,85.2439,1426690.0,AMS
2024-05-23,86.0389,86.2011,84.7684,85.0086,960800.0,AMS
2024-05-24,85.2909,85.8482,85.0767,85.6971,1217716.0,AMS
2024-05-28,86.0215,86.1429,85.6005,86.076,1574986.0,AMS
2024-05-29,85.3702,86.0215,85.3702,85.6798,2391099.0,AMS
2024-05-30,85.3306,85.3987,84.2929,84.5504,1220909.0,AMS
2024-05-31,84.7709,84.7956,83.2354,84.7709,964777.0,AMS
2024-06-03,85.234,85.3776,84.2656,85.2166,1381486.0,AMS
2024-06-04,85.1869,85.6376,84.8749,85.4866,1383541.0,AMS
2024-06-05,86.0562,87.0072,85.8981,86.9899,2069849.0,AMS
2024-06-06,87.2227,87.3515,86.788,87.1088,787718.0,AMS
2024-06-07,87.0221,87.4901,86.7175,86.9948,1774250.0,AMS
2024-06-10,86.8289,87.4074,86.7125,87.3316,672597.0,AMS
2024-06-11,87.2229,88.1379,86.9784,88.1304,811282.0,AMS
2024-06-12,88.9437,89.9305,88.7776,89.2859,1679724.0,AMS
2024-06-13,89.9776,89.9817,89.2015,89.7222,1255464.0,AMS
2024-06-14,89.6032,90.0446,89.4619,90.0297,1086606.0,AMS
2024-06-17,90.0099,91.2818,89.8388,90.9149,984867.0,AMS
2024-06-18,90.9446,91.109,90.6982,91.0785,2358499.0,AMS
2024-06-20,91.3265,91.4673,90.0396,90.4586,897549.0,AMS
2024-06-21,90.4239,90.6868,89.9627,90.2578,1173921.0,AMS
2024-06-24,90.0247,90.4438,89.3503,89.3751,970761.0,AMS
2024-06-25,89.7148,90.4289,89.6107,90.3768,810360.0,AMS
2024-06-26,90.2008,90.8826,90.2008,90.8554,786345.0,AMS
2024-06-27,90.8082,91.2595,90.6793,91.0537,1356107.0,AMS
2024-06-28,91.2025,91.8557,90.3272,90.3793,3803328.0,AMS
2024-07-01,90.7239,91.3265,90.0421,91.2273,1398776.0,AMS
2024-07-02,90.8008,91.9835,90.8008,91.981,965184.0,AMS
2024-07-03,91.8695,92.7893,91.8695,92.7769,868844.0,AMS
2024-07-05,92.8464,93.8158,92.8117,93.7241,1278384.0,AMS
2024-07-08,93.8555,93.9497,93.5952,93.8332,933134.0,AMS
2024-07-09,94.1481,94.401,93.6869,93.9597,1489229.0,AMS
2024-07-10,94.2919,94.9192,93.9597,94.9043,836075.0,AMS
2024-07-11,94.8399,94.8721,92.6059,92.8935,1358540.0,AMS
2024-07-12,92.9208,94.1828,92.8315,93.434,1749488.0,AMS
2024-07-15,93.9274,94.5423,93.2949,93.7167,1324092.0,AMS
2024-07-16,94.0464,94.1605,93.067,93.5902,1370536.0,AMS
2024-07-17,91.9637,91.9885,90.8405,90.9397,1629451.0,AMS
2024-07-18,91.6661,91.6661,89.5735,90.2281,1409123.0,AMS
2024-07-19,90.1512,90.7859,89.4916,89.6801,2197794.0,AMS
2024-07-22,90.7339,91.3451,90.3,91.0884,2046692.0,AMS
2024-07-23,91.1603,91.9286,91.0859,91.205,1175982.0,AMS
2024-07-24,89.8115,89.8685,87.5601,87.7436,1133122.0,AMS
2024-07-25,87.7635,88.6778,86.0055,86.851,941730.0,AMS
2024-07-26,87.5725,88.1641,87.1064,87.5775,1557766.0,AMS
2024-07-29,88.0932,88.4974,87.3643,87.7312,1047940.0,AMS
2024-07-30,88.004,88.1998,85.7675,86.5188,798767.0,AMS
2024-07-31,88.3362,89.1594,88.0064,88.8123,1428293.0,AMS
2024-08-01,89.2759,90.0917,86.4741,87.2006,1206585.0,AMS
2024-08-02,85.3633,85.9609,84.2352,85.3237,1467071.0,AMS
2024-08-05,80.1564,83.6984,79.5305,82.3235,3362853.0,AMS
2024-08-06,82.8962,84.7137,82.1846,83.3996,2056749.0,AMS
2024-08-07,84.5401,85.0769,82.4251,82.4772,1253629.0,AMS
2024-08-08,83.9376,85.1575,83.1095,84.9418,2292200.0,AMS
2024-08-09,84.8724,85.9088,84.7782,85.7005,1113679.0,AMS
2024-08-12,85.9286,86.4741,85.4352,85.9534,1093346.0,AMS
2024-08-13,86.6378,87.9916,86.6378,87.9221,969463.0,AMS
2024-08-14,88.1155,88.5044,87.3841,88.1974,1021158.0,AMS
2024-08-15,89.1445,90.109,89.0168,90.0594,967657.0,AMS
2024-08-16,89.752,90.4512,89.5859,90.176,1009769.0,AMS
2024-08-19,90.1264,91.3041,89.871,91.3041,1198778.0,AMS
2024-08-20,91.2124,91.7033,90.8678,91.195,712131.0,AMS
2024-08-21,91.205,91.8794,90.962,91.5769,787671.0,AMS
2024-08-22,92.0281,92.1447,90.0644,90.2355,630860.0,AMS
2024-08-23,90.9,91.6661,90.3595,91.2719,717338.0,AMS
2024-08-26,91.2149,91.5149,90.2206,90.6744,1156328.0,AMS
2024-08-27,90.3322,91.0435,89.938,90.8653,655445.0,AMS
2024-08-28,90.781,90.9186,89.3206,89.9851,719096.0,AMS
2024-08-29,90.2603,91.1306,89.447,89.6974,1364834.0,AMS
2024-08-30,90.2305,90.714,89.5189,90.6148,1706206.0,AMS
2024-09-03,90.119,90.119,87.5031,87.9693,2122916.0,AMS
2024-09-04,87.3444,88.3387,87.1686,87.7188,1400104.0,AMS
2024-09-05,87.4808,88.6957,87.3618,87.8106,1148341.0,AMS
2024-09-06,87.9717,88.1056,85.6162,85.8195,2093472.0,AMS
2024-09-09,86.608,87.0072,86.0057,86.8758,1886185.0,AMS
2024-09-10,87.2204,87.7461,86.6179,87.6965,918870.0,AMS
2024-09-11,87.9097,89.7024,86.4865,89.5487,1357470.0,AMS
2024-09-12,89.6925,90.714,89.3925,90.5429,963449.0,AMS
2024-09-13,90.6793,91.2149,90.5181,90.9669,551111.0,AMS
2024-09-16,90.4686,90.7487,90.0371,90.657,2378586.0,AMS
2024-09-17,91.2298,91.4951,90.3248,90.7537,713999.0,AMS
2024-09-18,91.1157,91.7728,90.3768,90.4413,1245013.0,AMS
2024-09-19,92.4125,92.9381,92.0901,92.5712,777837.0,AMS
2024-09-20,92.4918,92.7918,91.9005,92.4918,1366672.0,AMS
2024-09-23,92.6257,92.7931,92.3616,92.5935,1368754.0,AMS
2024-09-24,92.8464,93.0621,91.9314,92.9629,1131321.0,AMS
2024-09-25,92.9052,93.4291,92.9002,93.0989,1444004.0,AMS
2024-09-26,94.1021,94.117,92.7487,93.2702,1362561.0,AMS
2024-09-27,93.4291,93.4291,92.5625,92.7785,1053255.0,AMS
2024-09-30,92.5749,93.2826,92.2111,93.2131,1154637.0,AMS
2024-10-01,93.1783,93.1783,91.3495,91.9367,1350977.0,AMS
2024-10-02,91.6859,92.267,91.2095,92.0063,787744.0,AMS
2024-10-03,91.6934,92.5054,91.5792,92.0535,1253639.0,AMS
2024-10-04,92.9697,93.1262,92.123,93.0567,792319.0,AMS
2024-10-07,92.714,92.9437,91.8871,92.0485,1051690.0,AMS
2024-10-08,92.6221,93.6278,92.5451,93.5409,1193629.0,AMS
2024-10-09,93.5533,94.261,93.3348,94.1939,1253913.0,AMS
2024-10-10,93.7693,94.4472,93.5732,94.1766,1028775.0,AMS
2024-10-11,93.9556,94.5515,93.8165,94.3628,2774428.0,AMS
2024-10-14,94.7825,95.4715,94.7825,95.2468,1173136.0,AMS
2024-10-15,95.4479,95.5175,93.9792,94.338,1543534.0,AMS
2024-10-16,94.2958,94.5416,93.6327,94.4224,1030890.0,AMS
2024-10-17,95.3561,95.4628,94.5168,94.5466,1576622.0,AMS
2024-10-18,95.1549,95.2667,94.883,95.0606,791567.0,AMS
2024-10-21,94.8495,95.4306,94.6086,95.3983,1046015.0,AMS
2024-10-22,94.8843,95.7683,94.7104,95.4827,887617.0,AMS
2024-10-23,95.1127,95.1773,93.3894,94.0276,866703.0,AMS
2024-10-24,94.5242,94.7597,94.1046,94.6682,1014083.0,AMS
2024-10-25,95.0258,95.9111,94.9364,95.0482,1276941.0,AMS
2024-10-28,95.8428,95.962,95.1971,95.2667,825243.0,AMS
2024-10-29,95.2716,96.2512,95.0159,96.0613,1583612.0,AMS
2024-10-30,95.9818,96.3541,95.397,95.6317,962692.0,AMS
2024-10-31,94.6012,94.6012,92.8431,92.8605,1228931.0,AMS
2024-11-01,93.3522,94.2756,93.2975,93.5682,809024.0,AMS
2024-11-04,93.4887,93.8562,93.0206,93.2603,726114.0,AMS
2024-11-05,93.5136,94.6496,93.5136,94.559,1336885.0,AMS
2024-11-06,96.2177,97.0719,95.8552,96.9999,1386966.0,AMS
2024-11-07,97.5735,98.7481,97.5586,98.6612,1414036.0,AMS
2024-11-08,98.6115,99.2099,98.6028,98.9865,1691858.0,AMS
2024-11-11,99.2348,99.3217,98.46,98.9492,1616416.0,AMS
2024-11-12,98.9691,99.236,98.4451,99.0262,1988438.0,AMS
2024-11-13,99.0312,99.5377,98.5966,98.9219,954941.0,AMS
2024-11-14,98.9393,99.0212,98.131,98.2837,1006554.0,AMS
2024-11-15,97.3972,97.4121,95.8241,96.2351,2322689.0,AMS
2024-11-18,96.3791,96.9726,96.0129,96.6101,1583662.0,AMS
2024-11-19,96.1209,97.73,96.106,97.6878,690968.0,AMS
2024-11-20,97.7349,97.7349,96.3538,97.5288,1469261.0,AMS
2024-11-21,98.1546,98.316,96.4474,97.7672,1522953.0,AMS
2024-11-22,97.6654,98.0329,97.3766,97.8665,1350272.0,AMS
2024-11-25,98.5147,98.8275,97.4817,97.9137,1021327.0,AMS
2024-11-26,98.3359,98.9169,98.3309,98.8226,924465.0,AMS
2024-11-27,98.5767,98.5842,97.5735,98.1695,1258985.0,AMS
2024-11-29,98.311,99.0982,98.1397,98.9244,575778.0,AMS
2024-12-02,99.1454,99.9673,99.128,99.7836,1996706.0,AMS
2024-12-03,99.6693,100.4391,99.5304,100.3696,2556700.0,AMS
2024-12-04,101.0748,101.8458,100.9829,101.7949,1695168.0,AMS
2024-12-05,101.8595,102.1276,101.6459,101.7328,1012818.0,AMS
2024-12-06,101.9017,102.5647,101.8098,102.5001,1213059.0,AMS
2024-12-09,102.3064,102.4455,101.5044,101.8322,1607718.0,AMS
2024-12-10,102.0432,102.5945,101.2759,101.5565,1074278.0,AMS
2024-12-11,102.232,103.3652,102.232,103.26,1285106.0,AMS
2024-12-12,102.9024,103.1706,102.587,102.6218,989018.0,AMS
2024-12-13,103.2029,103.5369,102.3164,102.813,848902.0,AMS
2024-12-16,103.2997,104.1754,103.1085,104.0298,3693553.0,AMS
2024-12-17,103.5788,103.9211,103.1338,103.6732,1384875.0,AMS
2024-12-18,103.6434,104.0722,99.9024,100.1585,2054339.0,AMS
2024-12-19,101.2969,101.3858,100.1187,100.1684,1697915.0,AMS
2024-12-20,99.5569,102.2812,99.2562,101.2497,2709954.0,AMS
2024-12-23,101.5281,102.3285,100.8321,102.2738,1404061.0,AMS
2024-12-24,102.5074,103.5887,102.4776,103.5887,601926.0,AMS
2024-12-26,103.3103,103.7229,102.8117,103.4346,1175962.0,AMS
2024-12-27,102.7908,102.8231,101.0334,101.9357,1483266.0,AMS
2024-12-30,100.4393,101.4566,99.9884,100.7202,1793774.0,AMS
2024-12-31,100.9912,101.0707,99.6315,99.8204,943990.0,AMS
2025-01-02,100.2256,100.847,98.672,99.5942,1394993.0,AMS
2025-01-03,100.1734,101.3429,100.0739,101.2199,1186980.0,AMS
2025-01-06,102.2912,103.0742,101.9332,102.4006,2955607.0,AMS
2025-01-07,102.669,102.7535,100.0615,100.3697,1287093.0,AMS
2025-01-08,100.581,100.8942,99.6688,100.5164,1631381.0,AMS
2025-01-10,99.8478,99.8865,98.2644,98.9678,1380493.0,AMS
2025-01-13,97.6579,98.6832,97.3882,98.5999,2073717.0,AMS
2025-01-14,99.2984,99.4053,97.6628,98.2594,924694.0,AMS
2025-01-15,99.7284,100.8172,99.4699,100.6457,2776001.0,AMS
2025-01-16,101.0732,101.0732,99.8801,99.9372,3373799.0,AMS
2025-01-17,101.4535,101.6002,100.7352,101.1627,1859316.0,AMS
2025-01-21,101.6151,101.9569,100.8221,101.8537,1846189.0,AMS
2025-01-22,102.7933,103.6434,102.7635,103.3078,728184.0,AMS
2025-01-23,102.8741,103.7751,102.843,103.718,1455642.0,AMS
2025-01-24,103.9715,104.1505,102.9884,103.278,759354.0,AMS
2025-01-27,99.5743,101.0558,99.4476,100.3349,3156131.0,AMS
2025-01-28,100.6954,102.6988,100.1187,102.5348,2133969.0,AMS
2025-01-29,102.1918,102.211,101.0778,101.804,1167413.0,AMS
2025-01-30,101.9432,102.5472,100.985,102.0948,2375769.0,AMS
2025-01-31,102.9226,103.5191,101.5132,101.7418,1113460.0,AMS
2025-02-03,99.7434,101.2969,99.3783,100.6805,1108827.0,AMS
2025-02-04,100.852,101.9904,100.7998,101.9904,2050281.0,AMS
2025-02-05,101.3466,102.0849,101.0583,102.0376,1017113.0,AMS
2025-02-06,102.1644,102.6939,101.9531,102.6292,1434082.0,AMS
2025-02-07,102.6342,103.1264,101.3044,101.4436,1135178.0,AMS
2025-02-10,102.157,102.7386,102.0352,102.4751,738799.0,AMS
2025-02-11,101.9308,102.5483,101.7829,102.1744,1009373.0,AMS
2025-02-12,101.0757,102.2763,100.9262,102.0675,1153800.0,AMS
2025-02-13,102.1793,103.4197,102.0476,103.3451,962599.0,AMS
2025-02-14,103.3451,103.631,103.1216,103.4967,698493.0,AMS
2025-02-18,103.7876,103.9119,102.8483,103.4868,868196.0,AMS
2025-02-19,103.2755,103.6957,102.8206,103.5241,725587.0,AMS
2025-02-20,103.3799,103.3799,102.142,102.9772,834006.0,AMS
2025-02-21,102.9996,103.0891,100.5636,100.6407,1274172.0,AMS
2025-02-24,101.016,101.3591,99.4724,99.6116,1061907.0,AMS
2025-02-25,99.4326,99.5495,97.6081,98.6124,2863363.0,AMS
2025-02-26,99.0449,100.0543,98.4185,98.9728,1304170.0,AMS
2025-02-27,99.6986,99.8875,96.3081,96.3454,1275148.0,AMS
2025-02-28,96.2012,98.1525,95.5475,98.0854,1588768.0,AMS
2025-03-03,98.3862,98.7217,94.936,95.6643,2735393.0,AMS
2025-03-04,94.6303,96.6347,93.4446,95.0479,2208611.0,AMS
2025-03-05,95.1498,96.7232,94.3598,96.4548,2449245.0,AMS
2025-03-06,94.7123,95.8147,93.3278,93.7702,2486244.0,AMS
2025-03-07,93.4695,94.5309,91.9534,94.1704,1536099.0,AMS
2025-03-10,92.413,92.4454,89.5794,90.4493,1807804.0,AMS
2025-03-11,90.1585,91.5455,89.3134,90.2256,3128798.0,AMS
2025-03-12,91.8264,92.1769,90.3375,91.4536,2406181.0,AMS
2025-03-13,91.2746,91.3492,89.2202,89.5023,1476098.0,AMS
2025-03-14,90.5612,91.9022,90.3996,91.7717,1164666.0,AMS
2025-03-17,91.7096,92.6665,91.2572,92.0576,1173539.0,AMS
2025-03-18,91.4295,91.4494,90.0261,90.4416,1369017.0,AMS
2025-03-19,90.9094,92.6712,90.6258,91.8301,6048691.0,AMS
2025-03-20,91.0836,92.7281,91.0239,91.6211,999635.0,AMS
2025-03-21,90.7278,92.1984,90.4877,92.0441,1968018.0,AMS
2025-03-24,93.4451,94.311,93.2933,94.0473,1317210.0,AMS
2025-03-25,94.3284,94.6865,94.0771,94.6221,947929.0,AMS
2025-03-26,94.316,94.3683,92.2482,92.5766,1191302.0,AMS
2025-03-27,92.1287,92.9983,91.753,92.0864,1125601.0,AMS
2025-03-28,91.6559,91.9595,89.516,89.715,2498158.0,AMS
2025-03-31,88.2096,90.0161,87.3486,89.8519,2083853.0,AMS
2025-04-01,89.4413,90.8448,89.0482,90.5461,1383324.0,AMS
2025-04-02,89.2597,91.9645,89.1925,91.2877,1198616.0,AMS
2025-04-03,87.1023,87.7915,86.0621,86.2089,2610427.0,AMS
2025-04-04,83.5066,84.0889,81.0357,81.0382,4863468.0,AMS
2025-04-07,77.7734,84.6629,76.808,81.1277,5243534.0,AMS
2025-04-08,84.3501,85.1066,78.5249,79.7318,4813746.0,AMS
2025-04-09,79.6596,89.5135,79.4481,88.9984,3311372.0,AMS
2025-04-10,86.6693,87.0898,82.8497,85.5645,3289680.0,AMS
2025-04-11,85.1937,87.432,84.6898,87.0973,4061716.0,AMS
2025-04-14,89.2323,89.3119,86.8435,87.6422,1940814.0,AMS
2025-04-15,87.7318,88.473,87.3163,87.6422,1120089.0,AMS
2025-04-16,85.8631,86.5772,83.8002,85.017,3430707.0,AMS
2025-04-17,85.7337,85.8481,84.5679,85.0071,1815249.0,AMS
2025-04-21,83.84,84.0005,81.7001,82.7476,4590970.0,AMS
2025-04-22,83.7505,85.533,83.5091,84.9274,1186320.0,AMS
2025-04-23,87.8537,88.7048,86.642,86.9704,1605233.0,AMS
2025-04-24,87.3611,89.5259,87.2329,89.4239,1444960.0,AMS
2025-04-25,89.6304,90.9291,89.3447,90.7701,1826534.0,AMS
2025-04-28,90.9493,91.1906,89.5408,90.6954,1069882.0,AMS
2025-04-29,90.2451,91.4768,90.2413,91.2528,950735.0,AMS
2025-04-30,89.6279,91.5788,88.8279,91.2703,1441676.0,AMS
2025-05-01,92.9623,93.6313,92.3801,92.4721,1089778.0,AMS
2025-05-02,93.4227,94.2202,93.1091,93.7934,896693.0,AMS
2025-05-05,93.0121,93.8581,93.0121,93.2435,1644706.0,AMS
2025-05-06,92.1561,93.139,91.9211,92.3751,992675.0,AMS
2025-05-07,92.497,93.1266,91.4668,92.6886,1468734.0,AMS
2025-05-08,93.562,94.2836,92.6637,93.4277,2137055.0,AMS
2025-05-09,93.7039,94.0448,92.9598,93.251,1676751.0,AMS
2025-05-12,96.8541,97.2722,95.911,97.2299,2377118.0,AMS
2025-05-13,97.6006,99.0588,97.3568,98.7054,1249524.0,AMS
2025-05-14,99.0389,99.6336,98.917,99.4395,1002494.0,AMS
2025-05-15,98.9593,99.7829,98.586,99.3425,1340333.0,AMS
2025-05-16,99.7555,99.9135,99.0028,99.87,897000.0,AMS
2025-05-19,98.5537,100.0143,98.5537,99.9521,1580586.0,AMS
2025-05-20,99.4818,99.6486,98.7726,99.4022,878199.0,AMS
2025-05-21,98.7079,99.8177,97.5956,97.9266,902788.0,AMS
2025-05-22,97.954,98.9045,97.7599,98.163,1453082.0,AMS
2025-05-23,96.6227,97.7823,96.6227,97.195,1459053.0,AMS
2025-05-27,98.5586,99.6212,98.377,99.5565,1625283.0,AMS
2025-05-28,99.7033,100.0541,99.019,99.121,1432657.0,AMS
2025-05-29,100.5891,100.6613,99.0016,99.4768,913473.0,AMS
2025-05-30,99.325,99.6709,98.0137,99.3922,1848696.0,AMS
2025-06-02,98.9468,100.079,98.6831,100.0193,1405390.0,AMS
2025-06-03,100.1462,101.0047,99.9571,100.7285,1377913.0,AMS
2025-06-04,100.9201,101.2635,100.675,101.0395,1339587.0,AMS
2025-06-05,101.3904,101.8706,99.987,100.4199,1533869.0,AMS
2025-06-06,101.4227,101.8084,101.0731,101.4178,991189.0,AMS
2025-06-09,101.5471,101.7873,101.256,101.4974,971662.0,AMS
2025-06-10,101.6268,102.2489,101.1888,102.1468,765070.0,AMS
2025-06-11,102.4504,102.7055,101.4451,101.8159,1091116.0,AMS
2025-06-12,101.6442,102.3807,101.6181,102.214,900344.0,AMS
2025-06-13,101.1167,101.8296,100.6501,100.9201,952153.0,AMS
2025-06-16,101.5139,102.443,101.5139,102.164,2010362.0,AMS
2025-06-17,101.6484,102.0108,101.1079,101.2599,896572.0,AMS
2025-06-18,101.4292,101.905,100.8688,101.1229,656915.0,AMS
2025-06-20,101.7356,101.8004,100.276,100.4205,1053314.0,AMS
2025-06-23,100.5625,101.7232,100.0994,101.6459,1135623.0,AMS
2025-06-24,102.6273,103.2849,102.433,103.118,1157391.0,AMS
2025-06-25,103.5315,103.8453,103.2063,103.4767,598365.0,AMS
2025-06-26,103.8901,104.5626,103.5464,104.4431,990060.0,AMS
2025-06-27,104.7445,105.2601,104.1791,105.0359,1368222.0,AMS
2025-06-30,105.6411,106.0272,105.1891,105.7532,1260618.0,AMS
2025-07-01,105.3348,105.6038,104.2488,104.6399,2048408.0,AMS
2025-07-02,104.6025,105.5515,104.5377,105.4892,1060176.0,AMS
2025-07-03,106.0322,106.8118,105.9612,106.6723,567681.0,AMS
2025-07-07,106.1318,106.4452,105.402,105.9226,1261501.0,AMS
2025-07-08,106.1642,106.2315,105.6013,105.8404,872149.0,AMS
2025-07-09,106.2514,106.9812,106.2452,106.8118,820051.0,AMS
2025-07-10,106.9787,107.0447,106.1717,106.7844,796494.0,AMS
2025-07-11,106.366,106.8464,106.1767,106.498,644264.0,AMS
2025-07-14,106.4756,107.0086,106.0646,106.8317,757140.0,AMS
2025-07-15,107.7483,107.7907,107.0733,107.0733,1190108.0,AMS
2025-07-16,107.3075,107.574,106.3535,107.447,1212081.0,AMS
2025-07-17,107.5989,108.3237,107.4815,108.2116,1419211.0,AMS
2025-07-18,108.5578,108.5578,107.8978,108.1643,1373651.0,AMS
2025-07-21,108.3387,108.9439,108.2814,108.4482,1262265.0,AMS
2025-07-22,108.528,108.528,107.1406,107.7608,1014747.0,AMS
2025-07-23,108.2863,108.7446,107.8119,108.7446,1071007.0,AMS
2025-07-24,109.056,109.3051,108.6749,109.0585,1035022.0,AMS
2025-07-25,109.2428,109.8182,109.1332,109.5641,1038384.0,AMS
2025-07-28,109.8107,110.0623,109.6339,109.9452,556691.0,AMS
2025-07-29,110.2615,110.4757,109.3063,109.3748,883476.0,AMS
2025-07-30,109.6339,110.0423,108.9863,109.6488,845064.0,AMS
2025-07-31,111.7834,111.7834,109.5317,109.6961,1718247.0,AMS
2025-08-01,108.4931,108.5479,107.1281,107.579,1063233.0,AMS
2025-08-04,108.5977,109.7634,108.5255,109.6887,895404.0,AMS
2025-08-05,109.8331,110.0227,108.7048,108.8268,822938.0,AMS
2025-08-06,109.0361,110.3711,108.995,110.3263,1377079.0,AMS
2025-08-07,110.9091,111.1682,109.3101,110.1644,1039413.0,AMS
2025-08-08,110.4857,111.218,110.391,111.071,915966.0,AMS
2025-08-11,110.9913,111.6638,110.6277,110.8668,1015762.0,AMS
2025-08-12,111.3898,112.1794,110.7746,112.1595,692809.0,AMS
2025-08-13,112.5929,112.7847,111.7112,112.0574,727851.0,AMS
2025-08-14,111.756,112.5057,111.7211,112.1919,595228.0,AMS
2025-08-15,112.3787,112.3787,111.5493,111.8382,808045.0,AMS
2025-08-18,111.7286,111.9959,111.477,111.8756,817297.0,AMS
2025-08-19,111.8432,111.8432,110.0747,110.3238,741148.0,AMS
2025-08-20,110.1071,110.1071,108.244,109.6712,1004930.0,AMS
2025-08-21,109.3399,109.8344,108.8346,109.203,570621.0,AMS
2025-08-22,109.3474,111.3027,109.1432,110.9041,1070208.0,AMS
2025-08-25,110.7099,111.345,110.5043,110.7248,812352.0,AMS
2025-08-26,110.67,111.4123,110.4259,111.3724,709008.0,AMS
2025-08-27,111.3002,111.7752,111.01,111.5991,1420686.0,AMS
2025-08-28,111.6887,112.4933,111.35,112.3189,659071.0,AMS
2025-08-29,111.9453,111.9802,110.6404,110.9863,599538.0,AMS
2025-09-02,109.1756,110.1083,108.8166,110.0149,969214.0,AMS
2025-09-03,110.8668,111.3802,110.4434,111.1184,924705.0,AMS
2025-09-04,111.2927,112.1246,110.9664,112.1022,1363933.0,AMS
2025-09-05,112.9864,113.1259,110.9988,111.9079,1034888.0,AMS
2025-09-08,112.4559,112.9488,112.436,112.5406,798770.0,AMS
2025-09-09,112.7523,112.9341,112.1296,112.8993,541883.0,AMS
2025-09-10,114.06,114.237,113.248,113.639,702593.0,AMS
2025-09-11,114.2144,114.4286,113.7337,114.2368,934028.0,AMS
2025-09-12,114.3464,114.8807,114.1397,114.6104,657391.0,AMS
2025-09-15,115.1609,115.7263,115.1322,115.7113,2170873.0,AMS
2025-09-16,115.9061,115.941,115.4299,115.5196,788308.0,AMS
2025-09-17,115.4349,115.5795,113.9876,115.0584,998139.0,AMS
2025-09-18,115.8263,116.2601,115.3588,115.7116,674275.0,AMS
2025-09-19,116.3025,116.9258,116.0245,116.8385,1191834.0,AMS
2025-09-22,116.6515,117.9255,116.5942,117.8432,917076.0,AMS
2025-09-23,117.7609,117.7834,116.3673,116.6116,2792163.0,AMS
2025-09-24,117.0055,117.0055,115.5595,115.9834,1039053.0,AMS
2025-09-25,115.1382,115.7116,114.485,115.3975,812668.0,AMS
2025-09-26,115.6642,115.9136,114.9026,115.8886,1176638.0,AMS
2025-09-29,116.3548,116.8734,116.0083,116.3174,2803775.0,AMS
2025-09-30,116.2277,116.8784,115.7864,116.7787,1322957.0,AMS
2025-10-01,116.1728,117.6637,116.0557,117.4692,1159219.0,AMS
2025-10-02,118.1274,118.1274,117.1888,117.6039,1300180.0,AMS
2025-10-03,117.7186,117.8881,116.7612,117.1601,805832.0,AMS
2025-10-06,117.6238,118.1324,117.3122,117.8981,1147271.0,AMS
2025-10-07,118.0202,118.1125,116.821,117.2399,1020462.0,AMS
2025-10-08,117.5191,118.4191,117.5166,118.4116,922848.0,AMS
2025-10-09,118.5089,118.5487,117.8083,118.3219,965467.0,AMS
2025-10-10,118.5413,118.8564,114.5075,114.5498,1159572.0,AMS
2025-10-13,116.4221,117.0841,116.0282,116.821,638122.0,AMS
2025-10-14,115.5496,116.7475,114.4389,115.946,1182755.0,AMS
2025-10-15,117.0953,117.5253,115.3726,116.4346,932135.0,AMS
2025-10-16,116.8809,117.377,115.0883,115.8712,2841292.0,AMS
2025-10-17,115.3501,116.7587,115.0647,116.4571,3092595.0,AMS
2025-10-20,117.1127,118.0601,117.0903,117.8407,2166686.0,AMS
2025-10-21,117.8507,118.0626,117.4551,117.8108,779169.0,AMS
2025-10-22,117.9928,117.9978,115.8438,116.8634,1196081.0,AMS
2025-10-23,116.9208,118.1,116.8634,117.9055,730000.0,AMS
2025-10-24,118.7457,119.2693,118.6522,118.9676,658362.0,AMS
2025-10-27,120.3862,121.0493,120.2216,120.9197,701892.0,AMS
2025-10-28,121.6327,122.3956,121.1914,122.0391,1020196.0,AMS
2025-10-29,122.7247,122.9092,121.5978,122.5875,3408491.0,AMS
2025-10-30,121.69,121.9094,120.6557,120.7152,2156315.0,AMS
2025-10-31,122.2261,122.241,120.608,121.0593,1330409.0,AMS
2025-11-03,122.0515,122.2136,121.2363,121.6526,1489274.0,AMS
2025-11-04,119.9611,120.7252,119.3715,119.5186,1184160.0,AMS
2025-11-05,119.3665,120.5208,119.0748,119.6607,668464.0,AMS
2025-11-06,119.4886,119.5011,117.4069,117.7161,1239750.0,AMS
2025-11-07,117.1028,117.5316,115.4149,117.5316,1263641.0,AMS
2025-11-10,119.1247,120.3053,118.8953,120.1294,988703.0,AMS
2025-11-11,119.551,120.12,119.0449,119.9025,688347.0,AMS
2025-11-12,120.5158,120.5158,118.9875,119.6881,746138.0,AMS
2025-11-13,119.0349,119.0673,116.7762,117.1551,1120628.0,AMS
2025-11-14,115.5172,118.2571,115.1108,117.4069,1471222.0,AMS
2025-11-17,116.7188,117.8632,115.5633,116.3,1579726.0,AMS
2025-11-18,115.4598,116.012,113.934,114.8964,2544883.0,AMS
2025-11-19,115.0609,116.7438,114.8116,115.7465,1387891.0,AMS
2025-11-20,118.0626,118.5886,113.246,113.423,1786477.0,AMS
2025-11-21,113.7147,115.3626,112.3933,114.0836,1865881.0,AMS
2025-11-24,114.9188,116.821,114.8889,116.6091,2895481.0,AMS
2025-11-25,116.2327,117.6537,115.1183,117.4294,2276360.0,AMS
2025-11-26,118.2271,118.7033,117.7186,118.3219,934086.0,AMS
2025-11-28,118.469,118.833,118.2521,118.7831,1148723.0,AMS
2025-12-01,117.8233,118.7981,117.5764,118.3817,2325076.0,AMS
2025-12-02,118.9053,119.5684,118.4789,118.9028,1988497.0,AMS
2025-12-03,118.4291,119.1122,118.0405,118.7906,3536526.0,AMS
2025-12-04,119.3066,119.3066,118.3692,119.0274,1652189.0,AMS
2025-12-05,119.3241,119.8551,118.985,119.369,2979436.0,AMS
2025-12-08,119.5983,119.8517,118.7932,119.3017,1599343.0,AMS
2025-12-09,119.0723,119.5186,118.8479,119.2917,1059530.0,AMS
2025-12-10,119.0823,119.8103,118.5114,119.4862,1840867.0,AMS
2025-12-11,118.7607,119.5235,117.8158,119.4188,2336655.0,AMS
2025-12-12,118.9377,119.1825,116.9557,117.5141,1962214.0,AMS
2025-12-15,118.2571,118.3069,116.7113,116.9806,1581874.0,AMS
2025-12-16,116.6049,117.5078,116.2442,117.2412,1550697.0,AMS
2025-12-17,117.3411,117.391,115.0925,115.1374,1835152.0,AMS
2025-12-18,116.53,117.3011,116.0659,116.6098,1572312.0,AMS
2025-12-19,117.2487,118.1921,117.1551,118.1671,2110186.0,AMS
2025-12-22,118.9482,119.0144,118.4865,118.8684,2352488.0,AMS
2025-12-23,118.6438,119.6383,118.6438,119.6146,1429247.0,AMS
2025-12-24,119.5447,119.9839,119.4796,119.9065,752754.0,AMS
2025-12-26,119.9939,120.2759,119.769,119.8716,1317877.0,AMS
2025-12-29,119.1529,119.5422,118.9083,119.2752,2254914.0,AMS
2025-12-30,119.1354,119.4374,118.9682,119.0281,1327833.0,AMS
2025-12-31,119.1629,119.1916,118.0673,118.1172,980961.0,AMS
2026-01-02,118.9457,119.4374,117.1264,117.7329,2936474.0,AMS
2026-01-05,118.499,118.6899,118.0199,118.1846,5106887.0,AMS
2026-01-06,118.3418,118.8235,117.8976,118.7236,2302676.0,AMS
2026-01-07,118.8235,119.8654,118.6063,119.0281,1303728.0,AMS
2026-01-08,118.8434,118.8484,117.6555,118.1122,1627870.0,AMS
2026-01-09,118.247,119.073,117.7953,118.8359,1814245.0,AMS
2026-01-12,118.1846,119.4654,118.1172,119.103,2109278.0,AMS
2026-01-13,119.0605,119.2677,118.1721,118.7436,1404351.0,AMS
2026-01-14,118.0523,118.1222,116.4002,117.3286,2587693.0,AMS
2026-01-15,118.4042,118.4042,117.2637,117.4608,2487375.0,AMS
2026-01-16,117.94,118.1047,117.1165,117.4384,2539606.0,AMS
2026-01-20,115.3121,115.8961,114.2665,114.4636,3295036.0,AMS
2026-01-21,114.6957,116.238,114.0693,115.402,2032709.0,AMS
2026-01-22,116.4851,116.6123,115.8537,116.2904,1577438.0,AMS
2026-01-23,116.3603,117.2837,116.0334,116.8594,2469919.0,AMS
2026-01-26,117.0665,117.945,116.8756,117.5881,2163871.0,AMS
2026-01-27,118.212,118.7161,117.925,118.4042,1406015.0,AMS
2026-01-28,118.7336,118.7823,117.6705,118.1147,1612807.0,AMS
2026-01-29,117.8377,117.8826,115.0676,117.1539,3173265.0,AMS
2026-01-30,116.6672,117.0815,115.7563,116.2829,2481078.0,AMS
2026-02-02,115.8662,117.1264,115.8612,116.6647,1770412.0,AMS
2026-02-03,116.9243,116.9243,113.6276,114.5934,3965080.0,AMS
2026-02-04,114.6258,114.6258,112.1527,113.2857,5210782.0,AMS
2026-02-05,112.27,112.8964,111.0347,111.3316,3793046.0,AMS
2026-02-06,112.1477,114.2615,111.8707,114.0094,2385050.0,AMS
2026-02-09,113.8796,115.4644,113.5864,115.0426,4268392.0,AMS
2026-02-10,115.4968,115.7114,114.5734,114.6782,3508480.0,AMS
2026-02-11,115.5817,115.6216,113.7324,114.2789,2007378.0,AMS
2026-02-12,114.6508,114.7431,111.8195,112.0429,2158859.0,AMS
2026-02-13,112.2325,112.6793,111.2717,111.5962,3078824.0,AMS
2026-02-17,111.2593,112.6693,110.5106,112.1402,3305684.0,AMS
2026-02-18,112.4172,113.5053,112.104,112.844,3151833.0,AMS
2026-02-19,112.3349,112.8521,111.8981,112.4871,3514235.0,AMS
2026-02-20,111.948,113.6725,111.8357,113.2657,5208155.0,AMS
2026-02-23,113.0561,113.2632,111.3566,111.8008,2616602.0,AMS
2026-02-24,111.5737,113.0636,111.1769,112.9663,2963994.0,AMS
2026-02-25,113.5128,114.5135,113.4479,114.4237,3977864.0,AMS
2026-02-26,114.3663,114.3663,112.2425,113.3381,9512374.0,AMS
2026-02-27,111.8981,112.6293,111.6336,112.3498,4784924.0,AMS
2026-03-02,110.82,113.0761,110.6977,112.6693,5909899.0,AMS
2026-03-03,110.7726,112.3536,109.9291,111.968,7216387.0,AMS
2026-03-04,112.2525,113.5128,112.0853,113.0661,3053193.0,AMS
2026-03-05,112.7466,113.5627,111.8158,113.0561,4614858.0,AMS
2026-03-06,111.5887,112.5295,111.2044,111.5687,3103931.0,AMS
2026-03-09,110.4058,113.1684,110.0314,112.9114,5138667.0,AMS
2026-03-10,112.8739,113.6226,112.1751,112.6443,4045439.0,AMS
2026-03-11,112.9438,113.6101,112.0728,112.6318,2836915.0,AMS
2026-03-12,111.8682,111.9705,110.5979,110.6304,7472858.0,AMS
2026-03-13,110.9972,111.5987,109.2341,109.3801,4347186.0,AMS
2026-03-16,110.4781,111.3666,110.261,110.6953,4120161.0,AMS
2026-03-17,111.1174,111.6719,110.6378,110.8301,2153767.0,AMS
2026-03-18,110.4192,110.7477,109.1291,109.1641,1859685.0,AMS
2026-03-19,108.3373,109.2665,107.8552,108.7594,3652221.0,AMS
2026-03-20,108.4247,108.4247,106.1542,106.7662,5367745.0,AMS
2026-03-23,108.5896,109.6112,108.0825,108.4097,2677959.0,AMS
2026-03-24,107.7004,107.9826,107.0235,107.2607,2082707.0,AMS
2026-03-25,108.4047,108.9592,107.6729,107.9551,2628165.0,AMS
2026-03-26,107.0634,107.533,105.4423,105.4948,2289776.0,AMS
2026-03-27,104.8978,104.9028,102.9021,103.1119,4466608.0,AMS
2026-03-30,103.9686,104.0735,102.1402,102.6373,3341466.0,AMS
2026-03-31,103.9237,106.7712,103.9237,106.5064,3779155.0,AMS
2026-04-01,107.3632,108.14,106.8636,107.4331,4132915.0,AMS
2026-04-02,105.7421,107.7503,105.2001,107.4156,2505551.0,AMS
2026-04-06,107.4805,108.1275,107.1908,107.8402,1926564.0,AMS
2026-04-07,107.4581,107.9676,105.9169,107.8977,1421578.0,AMS
2026-04-08,111.7293,111.9176,110.2107,110.6902,1328331.0,AMS
2026-04-09,110.6478,111.3921,109.8859,111.2048,1138319.0,AMS
2026-04-10,111.4895,112.0016,111.2148,111.467,1097103.0,AMS
2026-04-13,111.1898,113.0332,111.0124,113.0057,4308642.0,AMS
2026-04-14,113.6801,115.1039,113.6551,115.0414,962128.0,AMS
2026-04-15,115.516,117.1895,115.388,117.1246,1312322.0,AMS
2026-04-16,117.5067,117.6454,116.5351,117.2045,1371991.0,AMS
2026-04-17,118.341,119.3489,118.2086,118.9979,1316735.0,AMS
2026-04-20,118.6757,118.8106,117.759,118.5783,1225989.0,AMS
2026-04-21,118.7856,119.0854,117.4643,117.7116,1464975.0,AMS
2026-04-22,118.6332,119.6449,118.4041,119.6124,854098.0,AMS
2026-04-23,118.958,119.1978,116.9522,118.1587,1391680.0,AMS
2026-04-24,118.5208,119.7947,118.2111,119.6798,1106168.0,AMS
2026-04-27,119.1853,119.9721,118.9605,119.8797,1058777.0,AMS
2026-04-28,118.7756,119.2177,118.296,118.968,1046443.0,AMS
2026-04-29,118.6857,118.8306,118.0363,118.6957,5237804.0,AMS
2026-04-30,119.1153,119.475,117.5967,119.1653,5306353.0,AMS
2026-05-01,120.0345,120.7739,119.9046,119.9446,7013903.0,AMS
2026-05-04,120.0045,120.3343,118.8755,119.7148,6947790.0,AMS
2026-05-05,120.3642,120.5341,119.8946,120.3043,6411201.0,AMS
2026-05-06,121.0336,122.4424,120.7539,122.3325,3804634.0,AMS
2026-05-07,122.9819,123.6713,122.3025,122.6322,5754342.0,AMS
2026-05-08,122.922,123.5714,122.8121,123.4315,6329492.0,AMS
2026-05-11,122.6422,123.9161,122.5423,123.4115,5720799.0,AMS
2026-05-12,123.1018,123.3916,122.0328,123.2417,4686092.0,AMS
2026-05-13,123.1718,124.5805,122.4924,124.2009,5483354.0,AMS
2026-05-14,124.4606,125.9343,124.3507,125.7795,3823725.0,AMS
2026-05-15,124.7104,125.4148,123.7213,124.2608,7496661.0,AMS
2026-05-18,124.4107,124.6505,123.0019,123.991,6980513.0,AMS
2026-05-19,123.3516,123.8612,122.5873,122.9619,4730778.0,AMS
2026-05-20,123.1418,124.5805,122.892,124.5505,4490724.0,AMS
2026-05-21,124.011,125.135,123.5714,124.5705,5188920.0,AMS
2026-05-22,125.15,125.7445,124.7104,124.8902,2546401.0,AMS
2026-05-26,125.5447,126.0292,125.16,125.5497,2987672.0,AMS
2026-05-27,125.3898,125.7745,125.1934,125.5996,3054988.0,AMS
2026-05-28,125.5796,127.0833,125.4498,127.0084,3305298.0,AMS
2026-05-29,127.1982,128.0375,127.0983,127.7377,3550216.0,AMS
2026-06-01,127.9476,129.0266,127.7377,128.6569,4027747.0,AMS
2026-06-02,128.3472,128.572,127.7477,128.1774,4139565.0,AMS
2026-06-03,127.8876,127.9176,126.1891,126.5188,4000289.0,AMS
2026-06-04,125.7195,126.9884,125.4997,126.7186,4092584.0,AMS
2026-06-05,125.8994,125.9993,122.2226,122.5823,7721419.0,AMS
2026-06-08,123.6763,124.0164,122.6622,122.872,7425888.0,AMS
2026-06-09,123.4315,124.1909,119.0654,121.9129,6288034.0,AMS
2026-06-10,120.9137,121.8729,119.485,119.5849,7007318.0,AMS
2026-06-11,119.8647,121.778,118.8755,121.4633,5168684.0,AMS
2026-06-12,121.9628,122.0178,120.3842,121.5032,5294325.0,AMS
2026-06-15,123.6,124.75,123.37,124.36,3691708.0,AMS
2026-06-16,124.05,124.15,123.26,123.35,3796830.0,AMS
2026-06-17,123.44,123.716,121.265,121.6,12892218.0,AMS
2026-06-18,122.99,123.49,122.04,123.19,2863804.0,AMS
2026-06-22,123.0,123.59,121.6,121.76,6305638.0,AMS
2026-06-23,120.09,121.035,119.77,119.81,4806033.0,AMS
2026-06-24,119.95,121.21,119.39,119.67,5287070.0,AMS
2026-06-25,119.74,119.8688,117.64,118.1,6132481.0,AMS
2026-06-26,117.54,119.62,117.33,119.04,11428466.0,AMS
2026-06-29,120.3,122.075,119.025,121.98,8012063.0,AMS
2026-06-30,122.18,124.43,122.03,124.17,5232746.0,AMS
2026-07-01,123.3,123.99,122.55,123.02,12806141.0,AMS
2026-07-02,123.02,123.81,120.1855,121.16,3864950.0,AMS
2026-07-06,122.325,123.31,122.02,123.0,3395468.0,AMS
2026-07-07,121.72,121.94,120.23,121.35,3283011.0,AMS
2026-07-08,120.46,121.92,119.94,121.8,3798361.0,AMS
2026-07-09,122.65,123.515,121.81,123.3,3531408.0,AMS
2026-07-10,123.09,124.0,122.34,123.95,2580612.0,AMS
2026-07-13,122.685,122.999,121.35,121.59,4144122.0,AMS
2026-07-14,122.76,123.495,122.0,123.23,3933460.0,AMS
2026-07-15,123.8,123.95,122.08,123.58,5034142.0,AMS
2026-07-16,122.53,122.72,120.61,121.2,6317354.0,AMS
2026-07-17,118.565,120.5299,117.61,119.38,8338497.0,AMS
2026-07-20,120.49,121.18,119.385,119.47,12912399.0,AMS
2026-07-21,121.0,121.48,120.38,121.33,3518517.0,AMS
2026-07-22,120.45,121.69,120.38,120.92,4898962.0,AMS
2026-07-23,118.8,119.57,117.78,118.59,3411853.0,AMS
2026-07-24,118.38,119.08,117.2328,117.65,3986065.0,AMS
2026-07-27,119.01,119.0681,116.1,117.13,3759513.0,AMS
2026-07-28,116.08,116.93,114.72,116.48,3014929.0,AMS
2026-07-29,116.12,117.05,113.965,114.05,3707926.0,AMS
2026-07-30,115.96,117.51,115.64,117.43,4059302.0,AMS
2026-07-31,118.39,118.93,116.38,118.32,4422623.0,AMS
2026-08-03,118.29,121.255,118.14,120.87,3931193.0,AMS
2026-08-04,122.21,124.805,122.21,124.3,3146262.0,AMS
2026-08-05,125.21,125.835,123.82,123.89,2760353.0,AMS
2026-08-06,123.35,124.49,123.05,123.5,3474449.0,AMS
2026-08-07,124.6,124.8714,123.81,124.6,1692613.0,AMS
2026-08-10,124.61,124.95,123.9486,124.17,3828686.0,AMS
2026-08-11,124.82,124.8202,123.29,123.6,3318988.0,AMS
2026-08-12,125.07,125.11,124.335,124.42,3279242.0,AMS
2026-08-13,124.86,126.06,124.71,125.66,2359435.0,AMS
2026-08-14,125.92,125.9855,124.99,125.29,2217216.0,AMS
2026-08-17,125.57,125.7901,125.01,125.08,3606177.0,AMS
2026-08-18,123.31,123.81,122.8,123.07,2735916.0,AMS
2026-08-19,123.39,123.525,122.1,122.67,2474611.0,AMS
2026-08-20,122.3,122.65,121.53,121.82,3633290.0,AMS
2026-08-21,122.59,122.775,121.785,122.39,4555355.0,AMS
2026-08-24,121.82,122.0095,120.69,121.04,3859892.0,AMS
2026-08-25,122.02,122.45,121.35,121.83,3068585.0,AMS
2026-08-26,121.64,122.09,121.245,121.75,2498134.0,AMS
2026-08-27,123.27,124.085,122.87,123.89,3814836.0,AMS
2026-08-28,123.9,124.41,122.58,122.75,3207858.0,AMS
2026-08-31,122.53,122.87,122.05,122.71,4714474.0,AMS
2026-09-01,121.28,122.025,120.74,121.21,4121741.0,AMS
2026-09-02,121.26,122.09,120.99,121.81,3445278.0,AMS
2026-09-03,122.37,123.725,122.19,123.43,3511121.0,AMS
2026-09-04,123.65,124.015,123.045,123.41,3149055.0,AMS
